source_id,source_name,canonical_source_id,population,spin_hz,distance_kpc,temperature_constraint,thermal_basis,surface_temperature_inf_k,surface_temperature_inf_lower_k,surface_temperature_inf_upper_k,core_temperature_inf_reference_k,core_temperature_inf_lower_k,core_temperature_inf_upper_k,input_observable,interval_description,spectral_band,surface_emission_model,spin_evidence,spin_reference,thermal_reference,spin_url,thermal_url,catalogue_locator,notes
1,IGR J00291+5934,IGRJ002915934,rapid accreting transient,598.8921309,,two_sided_estimate,conditional,567693.02650623,517793.5985835646,608308.8399316553,21110306.295702457,14217009.86005191,62738678.77291991,"kT_eff^infinity=48.92 eV [44.62,52.42]",90% interval; see the cited study for its statistical definition,atmosphere-model effective temperature,NSATMOS,coherent_accretion_pulsation,Spin_igr00291,Therm_igr00291,https://doi.org/10.1093/mnras/stw3332,https://doi.org/10.1086/595867,spin: Sanna et al. 2017 MNRAS 466 2910; thermal: Campana et al. 2008 ApJL 689 L129,The hard component contributes more than 60% of the unabsorbed 0.5–10 keV flux. The thermal estimate is conditional on the spectral decomposition. The spin frequency is from the phase-connected timing solution of Sanna et al. (2017). The frequently quoted 64 eV is the local NSATMOS temperature; the catalogue uses the redshifted temperature.
2,MXB 1659-29,MXB165929,rapid accreting transient,567.0,,two_sided_estimate,strict,626643.9785637044,603434.9423206042,649853.0148068046,25554692.47760033,18309744.216033325,70666221.79361016,"kT_eff^infinity=54.0 eV [52.0,56.0]",Interval given in the cited study; no common confidence level assigned,atmosphere-model effective temperature,NSATMOS,thermonuclear_burst_oscillation,Spin_mxb1659,Therm_mxb1659,https://doi.org/10.1086/319128,https://doi.org/10.1086/593703,spin: Wijnands et al. 2001 ApJL 549 L71; thermal: Cackett et al. 2008 ApJL 687 L87,"The adopted temperature describes the late cooling plateau, after the early phase of crust relaxation."
3,SAX J1810.8-2609,SAXJ181082609,rapid accreting transient,531.8,,two_sided_estimate,conditional,639873.1292222715,604363.3037703282,675382.9546742148,26635884.199026473,18356327.65708148,75737870.047494,"kT_eff^infinity=55.14 eV [52.08,58.20]",Interval given in the cited study; no common confidence level assigned,atmosphere-model effective temperature,NSA,thermonuclear_burst_oscillation,Spin_saxj1810,Therm_saxj1810,https://doi.org/10.3847/2041-8213/aad09c,https://doi.org/10.1111/j.1365-2966.2004.07455.x,spin: Bilous et al. 2018 ApJL 862 L4; thermal: Jonker et al. 2004 MNRAS 349 94,A steep power-law spectrum provides a comparably good fit. The thermal estimate is conditional on the atmosphere interpretation.
4,KS 1731-260,KS1731260,rapid accreting transient,524.5,,two_sided_estimate,strict,747330.9670278253,733405.5452819652,761256.3887736853,36758426.02035338,25275804.0135317,93895495.55178107,"kT_eff^infinity=64.4 eV [63.2,65.6]",Interval given in the cited study; no common confidence level assigned,atmosphere-model effective temperature,NSATMOS,thermonuclear_burst_oscillation,Spin_ks1731,Therm_ks1731,https://doi.org/10.1086/317031,https://doi.org/10.3847/1538-4357/833/2/186,spin: Muno et al. 2000 ApJ 542 1016; thermal: Merritt et al. 2016 ApJ 833 186,The spin frequency is the one-decimal summary of the asymptotic burst frequencies measured by Muno et al. (2000). The 2015 observation is consistent with a crust–core equilibrium plateau.
5,SAX J1748.9-2021,SAXJ174892021,rapid accreting transient,442.36108118,,two_sided_estimate,strict,1009593.0765748572,964103.3655383808,1033150.2483616038,75190911.20092341,39722317.81452305,162154280.8875725,"kT_eff^infinity=87.00 eV [83.08,89.03]",90% interval; see the cited study for its statistical definition,atmosphere-model effective temperature,NSATMOS,coherent_accretion_pulsation,Spin_saxj1748,Therm_saxj1748,https://doi.org/10.1088/0004-637X/690/2/1856,https://doi.org/10.1093/mnras/stv1585,spin: Patruno et al. 2009 ApJ 690 1856; thermal: Bahramian et al. 2015 MNRAS 452 3475,The spin frequency is from the phase-coherent timing solution. The cited cluster study treats source identification in the crowded field and interstellar absorption.
6,Swift J1749.4-2807,SWIFTJ174942807,rapid accreting transient,517.92001395,,upper_limit,upper_limit,1160451.812155008,,1160451.812155008,199517827.9481902,,199517827.9481902,published kT_eff^infinity < 100.0 eV,Literature compilation; confidence levels vary among sources,0.01-100 keV,hydrogen_atmosphere,coherent_accretion_pulsation,Spin_swift1749,Degenaar2012,https://doi.org/10.1088/2041-8205/727/1/L18,https://doi.org/10.1088/0004-637X/756/2/148,spin: Altamirano et al. 2011 ApJL 727 L18; thermal: Degenaar Patruno and Wijnands 2012 ApJ 756 148,The cited study gives upper limits on the surface temperature and bolometric thermal luminosity.
7,XTE J1751-305,XTEJ1751305,rapid accreting transient,435.31799357,,upper_limit,upper_limit,812316.2685085057,,812316.2685085057,105481438.37485649,,105481438.37485649,published kT_eff^infinity < 70.0 eV,Literature compilation; confidence levels vary among sources,atmosphere-model effective temperature,hydrogen_atmosphere,coherent_accretion_pulsation,Spin_xtej1751,Degenaar2012,https://doi.org/10.1111/j.1365-2966.2007.12551.x,https://doi.org/10.1088/0004-637X/756/2/148,spin: Papitto et al. 2008 MNRAS 383 411; thermal: Degenaar Patruno and Wijnands 2012 ApJ 756 148,The Degenaar et al. (2012) compilation gives the surface-temperature upper limit for whole-surface atmosphere emission; the spin frequency is the phase-connected timing value of Papitto et al. (2008).
8,SAX J1808.4-3658,SAXJ180843658,rapid accreting transient,400.97521,,upper_limit,upper_limit,348135.5436465024,,348135.5436465024,22671763.3839166,,22671763.3839166,published kT_eff^infinity < 30.0 eV,90% interval; see the cited study for its statistical definition,0.01-10 keV,NSATMOS,coherent_accretion_pulsation,Spin_sax1808,Therm_sax1808,https://doi.org/10.1038/28561,https://doi.org/10.1088/0004-637X/691/2/1035,spin: Chakrabarty and Morgan 1998 Nature 394 346; thermal: Heinke et al. 2009 ApJ 691 1035,The quiescent spectrum is dominated by a hard component; the atmosphere component has only an upper limit.
9,IGR J17498-2921,IGRJ174982921,rapid accreting transient,400.99018734,,upper_limit,upper_limit,928361.4497240064,,928361.4497240064,133951560.30288243,,133951560.30288243,compiled kT_eff^infinity <= 80.0 eV,Literature compilation; confidence levels vary among sources,atmosphere-model effective temperature,hydrogen_atmosphere,coherent_accretion_pulsation,Spin_igr17498,Degenaar2012,https://doi.org/10.1051/0004-6361/201117995,https://doi.org/10.1088/0004-637X/756/2/148,spin: Papitto et al. 2011 A&A 535 L4; thermal: Degenaar Patruno and Wijnands 2012 ApJ 756 148,"Degenaar et al. (2012), Table 2, lists a temperature of approximately 0.08 keV among the detections but notes that the spectral shape is poorly constrained. This compilation adopts that value as a conservative temperature ceiling; it is not a published confidence bound."
10,XTE J1814-338,XTEJ1814338,rapid accreting transient,314.35610879,,upper_limit,upper_limit,812316.2685085057,,812316.2685085057,105481438.37485649,,105481438.37485649,published kT_eff^infinity < 70.0 eV,Literature compilation; confidence levels vary among sources,atmosphere-model effective temperature,hydrogen_atmosphere,coherent_accretion_pulsation,Spin_xtej1814,Degenaar2012,https://doi.org/10.1111/j.1365-2966.2006.11359.x,https://doi.org/10.1088/0004-637X/756/2/148,spin: Papitto et al. 2007 MNRAS 375 971; thermal: Degenaar Patruno and Wijnands 2012 ApJ 756 148,The Degenaar et al. (2012) compilation gives the surface-temperature upper limit for whole-surface atmosphere emission; the spin frequency is the phase-connected timing value of Papitto et al. (2007).
11,IGR J17191-2821,IGRJ171912821,rapid accreting transient,294.0,,upper_limit,upper_limit,860010.8379880765,,860010.8379880765,116826297.46639828,,116826297.46639828,published kT_eff^infinity < 74.11 eV,Upper limit given in the cited study; no common confidence level assigned,atmosphere-model effective temperature,NSATMOS,thermonuclear_burst_oscillation,Spin_igr17191,Therm_igr17191,https://doi.org/10.1111/j.1365-2966.2009.15627.x,https://doi.org/10.1111/j.1365-2966.2012.21171.x,spin: Altamirano et al. 2010 MNRAS 401 223; thermal: Haskell Degenaar and Ho 2012 MNRAS 424 93,The 0.86 MK limit is already redshifted; conversion between kelvin and electronvolts does not require a further redshift correction.
12,IGR J18245-2452 / M28I,PSR_J1824-2452I_M28I,rapid accreting transient,254.33303087,,upper_limit,upper_limit,505492.8093747216,,505492.8093747216,44889095.23576301,,44889095.23576301,published kT_eff^infinity < 43.56 eV,90% interval; see the cited study for its statistical definition,0.1-10 keV,NSATMOS,coherent_accretion_pulsation,Spin_igr18245,Therm_igr18245,https://doi.org/10.1051/0004-6361/201730600,https://doi.org/10.1093/mnras/stt2167,spin: De Falco et al. 2017 A&A 603 A16; thermal: Linares et al. 2014 MNRAS 438 251,The cited local surface-temperature limit has been converted to the observer frame. The spin frequency is from De Falco et al. (2017). IGR J18245–2452 and PSR J1824–2452I are the same object and appear only once in the catalogue.
13,IGR J17511-3057,IGRJ175113057,rapid accreting transient,244.8339512,,upper_limit,upper_limit,1160451.812155008,,1160451.812155008,199517827.9481902,,199517827.9481902,published kT_eff^infinity < 100.0 eV,Literature compilation; confidence levels vary among sources,atmosphere-model effective temperature,hydrogen_atmosphere,coherent_accretion_pulsation,Spin_igr17511,Degenaar2012,https://doi.org/10.1111/j.1365-2966.2010.17090.x,https://doi.org/10.1088/0004-637X/756/2/148,spin: Papitto et al. 2010 MNRAS 407 2575; thermal: Degenaar Patruno and Wijnands 2012 ApJ 756 148,"The spin frequency is from Papitto et al. (2010). The adopted temperature ceiling is the rounded value in the Degenaar et al. compilation; Haskell et al. give the nearby, model-dependent value of 1.10 MK (94.8 eV)."
14,NGC 6440 X-2,NGC6440X2,rapid accreting transient,205.8921768,,upper_limit,upper_limit,348135.5436465024,,348135.5436465024,22671763.3839166,,22671763.3839166,published kT_eff^infinity < 30.0 eV,Literature compilation; confidence levels vary among sources,atmosphere-model effective temperature,hydrogen_atmosphere,coherent_accretion_pulsation,Spin_ngc6440x2,Degenaar2012,https://doi.org/10.1088/0004-637X/814/2/138,https://doi.org/10.1088/0004-637X/756/2/148,spin: Bult et al. 2015 ApJ 814 138; thermal: Degenaar Patruno and Wijnands 2012 ApJ 756 148,The surface-temperature upper limit assumes atmosphere emission from the whole star. Crowded-field uncertainties remain relevant.
15,XTE J1807-294,XTEJ1807294,rapid accreting transient,190.623507,,upper_limit,upper_limit,580225.906077504,,580225.906077504,57610778.53779062,,57610778.53779062,published kT_eff^infinity < 50.0 eV,Literature compilation; confidence levels vary among sources,atmosphere-model effective temperature,hydrogen_atmosphere,coherent_accretion_pulsation,Spin_xtej1807,Degenaar2012,https://doi.org/10.1086/533578,https://doi.org/10.1088/0004-637X/756/2/148,spin: Riggio et al. 2008 ApJ 678 1273; thermal: Degenaar Patruno and Wijnands 2012 ApJ 756 148,The Degenaar et al. (2012) compilation gives the surface-temperature upper limit for whole-surface atmosphere emission; 190.623507 Hz is rounded from the phase-connected timing solutions of Riggio et al. (2008).
16,XTE J0929-314,XTEJ0929314,rapid accreting transient,185.105254,,upper_limit,upper_limit,580225.906077504,,580225.906077504,57610778.53779062,,57610778.53779062,published kT_eff^infinity < 50.0 eV,Literature compilation; confidence levels vary among sources,atmosphere-model effective temperature,hydrogen_atmosphere,coherent_accretion_pulsation,Spin_xtej0929,Degenaar2012,https://doi.org/10.1086/343841,https://doi.org/10.1088/0004-637X/756/2/148,spin: Galloway et al. 2002 ApJL 576 L137; thermal: Degenaar Patruno and Wijnands 2012 ApJ 756 148,The surface-temperature upper limit assumes atmosphere emission from the whole star.
17,Swift J1756.9-2508,SWIFTJ175692508,rapid accreting transient,182.065804,,upper_limit,upper_limit,928361.4497240064,,928361.4497240064,133951560.30288243,,133951560.30288243,published kT_eff^infinity < 80.0 eV,Literature compilation; confidence levels vary among sources,atmosphere-model effective temperature,hydrogen_atmosphere,coherent_accretion_pulsation,Spin_swift1756,Degenaar2012,https://doi.org/10.1086/522959,https://doi.org/10.1088/0004-637X/756/2/148,spin: Krimm et al. 2007 ApJL 668 L147; thermal: Degenaar Patruno and Wijnands 2012 ApJ 756 148,The surface-temperature upper limit assumes atmosphere emission from the whole star.
18,IGR J16597-3704,IGRJ165973704,rapid accreting transient,105.17582,,upper_limit,upper_limit,666563.5209018367,,666563.5209018367,73968750.23223996,,73968750.23223996,published kT_eff^infinity < 57.44 eV,95% interval; see the cited study for its statistical definition,0.5-10 keV,NSATMOS,coherent_accretion_pulsation,Spin_igr16597,Therm_igr16597,https://doi.org/10.1051/0004-6361/201732262,https://doi.org/10.3847/1538-4357/aaa95a,spin: Sanna et al. 2018 A&A 610 L2; thermal: Tetarenko et al. 2018 ApJ 854 125,The cited NSATMOS temperature limit is local. Its accompanying atmosphere-model luminosity limit covers 0.5–10 keV and is not bolometric.
19,J0023+0923,J00230923,rotation-powered MSP,327.868852459,1.818,upper_limit,flux_ceiling,647946.067860739,,665508.080696944,73497272.27954854,,73497272.27954854,L_SX=6.090000e+30 erg s^-1 (value),Temperature ceiling derived from a luminosity budget; not a measured temperature interval,0.5--2.0 keV (Chandra),,period coordinate in the dated Xu living-table snapshot,XuLive2025,Xu2025,https://xray-pulsar.github.io/counterparts/,https://doi.org/10.3847/1538-4357/adaebc,Xu living Table 2 line 125 (snapshot 2025-12-25),"The soft-band luminosity, or the full-band luminosity where a soft-band value is unavailable, is assigned to uniform surface emission to obtain a conservative temperature ceiling. Polar-cap, shock, or magnetospheric emission may contribute to that luminosity."
20,J0024-7204C,J00247204C,rotation-powered MSP,173.701580684,4.52,upper_limit,flux_ceiling,419789.4228968565,,431926.2573486329,33582787.32559693,,33582787.32559693,L_X_fallback=1.700000e+30 erg s^-1 (value),Temperature ceiling derived from a luminosity budget; not a measured temperature interval,0.3--8.0 keV (Zhao--Heinke catalogue),,period coordinate in the dated Xu living-table snapshot,XuLive2025,ZhaoHeinke2022,https://xray-pulsar.github.io/counterparts/,https://doi.org/10.1093/mnras/stac442,Xu living Table 2 line 126 (snapshot 2025-12-25),"The soft-band luminosity, or the full-band luminosity where a soft-band value is unavailable, is assigned to uniform surface emission to obtain a conservative temperature ceiling. Polar-cap, shock, or magnetospheric emission may contribute to that luminosity."
21,J0024-7204D,J00247204D,rotation-powered MSP,186.636804778,4.52,upper_limit,flux_ceiling,450440.1424714303,,464241.3956156532,38298724.93751449,,38298724.93751449,L_X_fallback=3.300000e+30 erg s^-1 (value),Temperature ceiling derived from a luminosity budget; not a measured temperature interval,0.3--8.0 keV (Zhao--Heinke catalogue),,period coordinate in the dated Xu living-table snapshot,XuLive2025,ZhaoHeinke2022,https://xray-pulsar.github.io/counterparts/,https://doi.org/10.1093/mnras/stac442,Xu living Table 2 line 127 (snapshot 2025-12-25),"The soft-band luminosity, or the full-band luminosity where a soft-band value is unavailable, is assigned to uniform surface emission to obtain a conservative temperature ceiling. Polar-cap, shock, or magnetospheric emission may contribute to that luminosity."
22,J0024-7204E,J00247204E,rotation-powered MSP,282.805429864,4.52,upper_limit,flux_ceiling,471765.7928637313,,486771.4179599227,41740655.6871245,,41740655.6871245,L_X_fallback=5.000000e+30 erg s^-1 (value),Temperature ceiling derived from a luminosity budget; not a measured temperature interval,0.3--8.0 keV (Zhao--Heinke catalogue),,period coordinate in the dated Xu living-table snapshot,XuLive2025,ZhaoHeinke2022,https://xray-pulsar.github.io/counterparts/,https://doi.org/10.1093/mnras/stac442,Xu living Table 2 line 128 (snapshot 2025-12-25),"The soft-band luminosity, or the full-band luminosity where a soft-band value is unavailable, is assigned to uniform surface emission to obtain a conservative temperature ceiling. Polar-cap, shock, or magnetospheric emission may contribute to that luminosity."
23,J0024-7204F,J00247204F,rotation-powered MSP,381.097560976,4.52,upper_limit,flux_ceiling,433275.38644075394,,446134.5668563468,35624020.713653676,,35624020.713653676,L_X_fallback=2.300000e+30 erg s^-1 (value),Temperature ceiling derived from a luminosity budget; not a measured temperature interval,0.3--8.0 keV (Zhao--Heinke catalogue),,period coordinate in the dated Xu living-table snapshot,XuLive2025,ZhaoHeinke2022,https://xray-pulsar.github.io/counterparts/,https://doi.org/10.1093/mnras/stac442,Xu living Table 2 line 129 (snapshot 2025-12-25),"The soft-band luminosity, or the full-band luminosity where a soft-band value is unavailable, is assigned to uniform surface emission to obtain a conservative temperature ceiling. Polar-cap, shock, or magnetospheric emission may contribute to that luminosity."
24,J0024-7204H,J00247204H,rotation-powered MSP,311.526479751,4.52,upper_limit,flux_ceiling,448929.60027139104,,462646.95060556225,38059907.23071545,,38059907.23071545,L_X_fallback=3.200000e+30 erg s^-1 (value),Temperature ceiling derived from a luminosity budget; not a measured temperature interval,0.3--8.0 keV (Zhao--Heinke catalogue),,period coordinate in the dated Xu living-table snapshot,XuLive2025,ZhaoHeinke2022,https://xray-pulsar.github.io/counterparts/,https://doi.org/10.1093/mnras/stac442,Xu living Table 2 line 130 (snapshot 2025-12-25),"The soft-band luminosity, or the full-band luminosity where a soft-band value is unavailable, is assigned to uniform surface emission to obtain a conservative temperature ceiling. Polar-cap, shock, or magnetospheric emission may contribute to that luminosity."
25,J0024-7204J,J00247204J,rotation-powered MSP,475.963826749,4.52,upper_limit,flux_ceiling,520929.5012057845,,538844.6425139884,50171787.023973025,,50171787.023973025,L_X_fallback=1.160000e+31 erg s^-1 (value),Temperature ceiling derived from a luminosity budget; not a measured temperature interval,0.3--8.0 keV (Zhao--Heinke catalogue),,period coordinate in the dated Xu living-table snapshot,XuLive2025,ZhaoHeinke2022,https://xray-pulsar.github.io/counterparts/,https://doi.org/10.1093/mnras/stac442,Xu living Table 2 line 131 (snapshot 2025-12-25),"The soft-band luminosity, or the full-band luminosity where a soft-band value is unavailable, is assigned to uniform surface emission to obtain a conservative temperature ceiling. Polar-cap, shock, or magnetospheric emission may contribute to that luminosity."
26,J0024-7204L,J00247204L,rotation-powered MSP,230.096640589,4.52,upper_limit,flux_ceiling,502448.60420191824,,519249.1510909978,46921807.28604274,,46921807.28604274,L_X_fallback=8.600000e+30 erg s^-1 (value),Temperature ceiling derived from a luminosity budget; not a measured temperature interval,0.3--8.0 keV (Zhao--Heinke catalogue),,period coordinate in the dated Xu living-table snapshot,XuLive2025,ZhaoHeinke2022,https://xray-pulsar.github.io/counterparts/,https://doi.org/10.1093/mnras/stac442,Xu living Table 2 line 132 (snapshot 2025-12-25),"The soft-band luminosity, or the full-band luminosity where a soft-band value is unavailable, is assigned to uniform surface emission to obtain a conservative temperature ceiling. Polar-cap, shock, or magnetospheric emission may contribute to that luminosity."
27,J0024-7204M,J00247204M,rotation-powered MSP,271.960837639,4.52,upper_limit,flux_ceiling,435237.1300834806,,448202.824878556,35925380.584152095,,35925380.584152095,L_X_fallback=2.400000e+30 erg s^-1 (value),Temperature ceiling derived from a luminosity budget; not a measured temperature interval,0.3--8.0 keV (Zhao--Heinke catalogue),,period coordinate in the dated Xu living-table snapshot,XuLive2025,ZhaoHeinke2022,https://xray-pulsar.github.io/counterparts/,https://doi.org/10.1093/mnras/stac442,Xu living Table 2 line 133 (snapshot 2025-12-25),"The soft-band luminosity, or the full-band luminosity where a soft-band value is unavailable, is assigned to uniform surface emission to obtain a conservative temperature ceiling. Polar-cap, shock, or magnetospheric emission may contribute to that luminosity."
28,J0024-7204N,J00247204N,rotation-powered MSP,327.439423707,4.52,upper_limit,flux_ceiling,435237.1300834806,,448202.824878556,35925380.584152095,,35925380.584152095,L_X_fallback=2.400000e+30 erg s^-1 (value),Temperature ceiling derived from a luminosity budget; not a measured temperature interval,0.3--8.0 keV (Zhao--Heinke catalogue),,period coordinate in the dated Xu living-table snapshot,XuLive2025,ZhaoHeinke2022,https://xray-pulsar.github.io/counterparts/,https://doi.org/10.1093/mnras/stac442,Xu living Table 2 line 134 (snapshot 2025-12-25),"The soft-band luminosity, or the full-band luminosity where a soft-band value is unavailable, is assigned to uniform surface emission to obtain a conservative temperature ceiling. Polar-cap, shock, or magnetospheric emission may contribute to that luminosity."
29,J0024-7204O,J00247204O,rotation-powered MSP,378.357926599,4.52,upper_limit,flux_ceiling,516408.66306184005,,534048.913522122,49367824.072812736,,49367824.072812736,L_X_fallback=1.080000e+31 erg s^-1 (value),Temperature ceiling derived from a luminosity budget; not a measured temperature interval,0.3--8.0 keV (Zhao--Heinke catalogue),,period coordinate in the dated Xu living-table snapshot,XuLive2025,ZhaoHeinke2022,https://xray-pulsar.github.io/counterparts/,https://doi.org/10.1093/mnras/stac442,Xu living Table 2 line 135 (snapshot 2025-12-25),"The soft-band luminosity, or the full-band luminosity where a soft-band value is unavailable, is assigned to uniform surface emission to obtain a conservative temperature ceiling. Polar-cap, shock, or magnetospheric emission may contribute to that luminosity."
30,J0024-7204Q,J00247204Q,rotation-powered MSP,247.954376395,4.52,upper_limit,flux_ceiling,435237.1300834806,,448202.824878556,35925380.584152095,,35925380.584152095,L_X_fallback=2.400000e+30 erg s^-1 (value),Temperature ceiling derived from a luminosity budget; not a measured temperature interval,0.3--8.0 keV (Zhao--Heinke catalogue),,period coordinate in the dated Xu living-table snapshot,XuLive2025,ZhaoHeinke2022,https://xray-pulsar.github.io/counterparts/,https://doi.org/10.1093/mnras/stac442,Xu living Table 2 line 136 (snapshot 2025-12-25),"The soft-band luminosity, or the full-band luminosity where a soft-band value is unavailable, is assigned to uniform surface emission to obtain a conservative temperature ceiling. Polar-cap, shock, or magnetospheric emission may contribute to that luminosity."
31,J0024-7204R,J00247204R,rotation-powered MSP,287.356321839,4.52,upper_limit,flux_ceiling,490395.60056372534,,506482.47832010814,44854460.14736361,,44854460.14736361,L_X_fallback=7.000000e+30 erg s^-1 (value),Temperature ceiling derived from a luminosity budget; not a measured temperature interval,0.3--8.0 keV (Zhao--Heinke catalogue),,period coordinate in the dated Xu living-table snapshot,XuLive2025,ZhaoHeinke2022,https://xray-pulsar.github.io/counterparts/,https://doi.org/10.1093/mnras/stac442,Xu living Table 2 line 137 (snapshot 2025-12-25),"The soft-band luminosity, or the full-band luminosity where a soft-band value is unavailable, is assigned to uniform surface emission to obtain a conservative temperature ceiling. Polar-cap, shock, or magnetospheric emission may contribute to that luminosity."
32,J0024-7204T,J00247204T,rotation-powered MSP,131.787032156,4.52,upper_limit,flux_ceiling,414426.0571283481,,426280.0961802422,32785803.251234382,,32785803.251234382,L_X_fallback=1.500000e+30 erg s^-1 (value),Temperature ceiling derived from a luminosity budget; not a measured temperature interval,0.3--8.0 keV (Zhao--Heinke catalogue),,period coordinate in the dated Xu living-table snapshot,XuLive2025,ZhaoHeinke2022,https://xray-pulsar.github.io/counterparts/,https://doi.org/10.1093/mnras/stac442,Xu living Table 2 line 139 (snapshot 2025-12-25),"The soft-band luminosity, or the full-band luminosity where a soft-band value is unavailable, is assigned to uniform surface emission to obtain a conservative temperature ceiling. Polar-cap, shock, or magnetospheric emission may contribute to that luminosity."
33,J0024-7204U,J00247204U,rotation-powered MSP,230.255583698,4.52,upper_limit,flux_ceiling,448929.60027139104,,462646.95060556225,38059907.23071545,,38059907.23071545,L_X_fallback=3.200000e+30 erg s^-1 (value),Temperature ceiling derived from a luminosity budget; not a measured temperature interval,0.3--8.0 keV (Zhao--Heinke catalogue),,period coordinate in the dated Xu living-table snapshot,XuLive2025,ZhaoHeinke2022,https://xray-pulsar.github.io/counterparts/,https://doi.org/10.1093/mnras/stac442,Xu living Table 2 line 140 (snapshot 2025-12-25),"The soft-band luminosity, or the full-band luminosity where a soft-band value is unavailable, is assigned to uniform surface emission to obtain a conservative temperature ceiling. Polar-cap, shock, or magnetospheric emission may contribute to that luminosity."
34,J0024-7204X,J00247204X,rotation-powered MSP,209.555741827,4.52,upper_limit,flux_ceiling,431243.3353946429,,443992.60971506895,35313049.29977084,,35313049.29977084,L_X_fallback=2.200000e+30 erg s^-1 (value),Temperature ceiling derived from a luminosity budget; not a measured temperature interval,0.3--8.0 keV (Zhao--Heinke catalogue),,period coordinate in the dated Xu living-table snapshot,XuLive2025,ZhaoHeinke2022,https://xray-pulsar.github.io/counterparts/,https://doi.org/10.1093/mnras/stac442,Xu living Table 2 line 142 (snapshot 2025-12-25),"The soft-band luminosity, or the full-band luminosity where a soft-band value is unavailable, is assigned to uniform surface emission to obtain a conservative temperature ceiling. Polar-cap, shock, or magnetospheric emission may contribute to that luminosity."
35,J0024-7204Y,J00247204Y,rotation-powered MSP,455.16613564,4.52,upper_limit,flux_ceiling,437134.0316931353,,450202.8008195323,36217826.81074913,,36217826.81074913,L_X_fallback=2.500000e+30 erg s^-1 (value),Temperature ceiling derived from a luminosity budget; not a measured temperature interval,0.3--8.0 keV (Zhao--Heinke catalogue),,period coordinate in the dated Xu living-table snapshot,XuLive2025,ZhaoHeinke2022,https://xray-pulsar.github.io/counterparts/,https://doi.org/10.1093/mnras/stac442,Xu living Table 2 line 143 (snapshot 2025-12-25),"The soft-band luminosity, or the full-band luminosity where a soft-band value is unavailable, is assigned to uniform surface emission to obtain a conservative temperature ceiling. Polar-cap, shock, or magnetospheric emission may contribute to that luminosity."
36,J0024-7204Z,J00247204Z,rotation-powered MSP,219.587176109,4.52,upper_limit,flux_ceiling,453354.08917654806,,467317.7238179771,38761288.50432653,,38761288.50432653,L_X_fallback=3.500000e+30 erg s^-1 (value),Temperature ceiling derived from a luminosity budget; not a measured temperature interval,0.3--8.0 keV (Zhao--Heinke catalogue),,period coordinate in the dated Xu living-table snapshot,XuLive2025,ZhaoHeinke2022,https://xray-pulsar.github.io/counterparts/,https://doi.org/10.1093/mnras/stac442,Xu living Table 2 line 144 (snapshot 2025-12-25),"The soft-band luminosity, or the full-band luminosity where a soft-band value is unavailable, is assigned to uniform surface emission to obtain a conservative temperature ceiling. Polar-cap, shock, or magnetospheric emission may contribute to that luminosity."
37,J0024-7204aa,J00247204AA,rotation-powered MSP,543.47826087,4.52,upper_limit,flux_ceiling,393774.57674584014,,404563.8847818819,29796061.7100583,,29796061.7100583,L_X_fallback=9.000000e+29 erg s^-1 (value),Temperature ceiling derived from a luminosity budget; not a measured temperature interval,0.3--8.0 keV (Zhao--Heinke catalogue),,period coordinate in the dated Xu living-table snapshot,XuLive2025,ZhaoHeinke2022,https://xray-pulsar.github.io/counterparts/,https://doi.org/10.1093/mnras/stac442,Xu living Table 2 line 145 (snapshot 2025-12-25),"The soft-band luminosity, or the full-band luminosity where a soft-band value is unavailable, is assigned to uniform surface emission to obtain a conservative temperature ceiling. Polar-cap, shock, or magnetospheric emission may contribute to that luminosity."
38,J0024-7204ab,J00247204AB,rotation-powered MSP,269.905533063,4.52,upper_limit,flux_ceiling,426943.9741525126,,439462.0231191976,34659080.11032306,,34659080.11032306,L_X_fallback=2.000000e+30 erg s^-1 (value),Temperature ceiling derived from a luminosity budget; not a measured temperature interval,0.3--8.0 keV (Zhao--Heinke catalogue),,period coordinate in the dated Xu living-table snapshot,XuLive2025,ZhaoHeinke2022,https://xray-pulsar.github.io/counterparts/,https://doi.org/10.1093/mnras/stac442,Xu living Table 2 line 146 (snapshot 2025-12-25),"The soft-band luminosity, or the full-band luminosity where a soft-band value is unavailable, is assigned to uniform surface emission to obtain a conservative temperature ceiling. Polar-cap, shock, or magnetospheric emission may contribute to that luminosity."
39,J0030+0451,J00300451,rotation-powered MSP,205.549845838,0.329,upper_limit,flux_ceiling,449234.6427722065,,462968.9861850046,38108111.02784564,,38108111.02784564,L_SX=3.220000e+30 erg s^-1 (value),Temperature ceiling derived from a luminosity budget; not a measured temperature interval,0.3--2.0 keV (XMM--Newton),,period coordinate in the dated Xu living-table snapshot,XuLive2025,Xu2025,https://xray-pulsar.github.io/counterparts/,https://doi.org/10.3847/1538-4357/adaebc,Xu living Table 2 line 147 (snapshot 2025-12-25),"The soft-band luminosity, or the full-band luminosity where a soft-band value is unavailable, is assigned to uniform surface emission to obtain a conservative temperature ceiling. Polar-cap, shock, or magnetospheric emission may contribute to that luminosity."
40,J0034-0534,J00340534,rotation-powered MSP,532.765050613,1.348,upper_limit,flux_ceiling,408761.22112666594,,420319.3547947981,31953177.78937253,,31953177.78937253,L_SX=1.310000e+30 erg s^-1 (value),Temperature ceiling derived from a luminosity budget; not a measured temperature interval,0.3--2.0 keV (XMM--Newton),,period coordinate in the dated Xu living-table snapshot,XuLive2025,Xu2025,https://xray-pulsar.github.io/counterparts/,https://doi.org/10.3847/1538-4357/adaebc,Xu living Table 2 line 148 (snapshot 2025-12-25),"The soft-band luminosity, or the full-band luminosity where a soft-band value is unavailable, is assigned to uniform surface emission to obtain a conservative temperature ceiling. Polar-cap, shock, or magnetospheric emission may contribute to that luminosity."
41,J0101-6422,J01016422,rotation-powered MSP,388.651379712,1.001,upper_limit,flux_ceiling,619512.9108135425,,635672.7937711207,67683193.21367328,,67683193.21367328,L_SX=3.800000e+30 erg s^-1 (value),Temperature ceiling derived from a luminosity budget; not a measured temperature interval,0.5--2.0 keV (Chandra),,period coordinate in the dated Xu living-table snapshot,XuLive2025,Xu2025,https://xray-pulsar.github.io/counterparts/,https://doi.org/10.3847/1538-4357/adaebc,Xu living Table 2 line 149 (snapshot 2025-12-25),"The soft-band luminosity, or the full-band luminosity where a soft-band value is unavailable, is assigned to uniform surface emission to obtain a conservative temperature ceiling. Polar-cap, shock, or magnetospheric emission may contribute to that luminosity."
42,J0218+4232,J02184232,rotation-powered MSP,430.477830392,3.15,upper_limit,flux_ceiling,706070.2515126845,,736275.9150458085,87950800.25020196,,87950800.25020196,L_SX=1.080000e+32 erg s^-1 (value),Temperature ceiling derived from a luminosity budget; not a measured temperature interval,0.3--2.0 keV (XMM--Newton),,period coordinate in the dated Xu living-table snapshot,XuLive2025,Xu2025,https://xray-pulsar.github.io/counterparts/,https://doi.org/10.3847/1538-4357/adaebc,Xu living Table 2 line 150 (snapshot 2025-12-25),"The soft-band luminosity, or the full-band luminosity where a soft-band value is unavailable, is assigned to uniform surface emission to obtain a conservative temperature ceiling. Polar-cap, shock, or magnetospheric emission may contribute to that luminosity."
43,J0307+7443,J03077443,rotation-powered MSP,316.856780735,0.386,upper_limit,flux_ceiling,327109.4227695248,,334743.61037281994,21013203.30717647,,21013203.30717647,L_SX=1.160000e+29 erg s^-1 (value),Temperature ceiling derived from a luminosity budget; not a measured temperature interval,0.3--2.0 keV (XMM--Newton),,period coordinate in the dated Xu living-table snapshot,XuLive2025,Xu2025,https://xray-pulsar.github.io/counterparts/,https://doi.org/10.3847/1538-4357/adaebc,Xu living Table 2 line 151 (snapshot 2025-12-25),"The soft-band luminosity, or the full-band luminosity where a soft-band value is unavailable, is assigned to uniform surface emission to obtain a conservative temperature ceiling. Polar-cap, shock, or magnetospheric emission may contribute to that luminosity."
44,J0337+1715,J03371715,rotation-powered MSP,365.898280278,1.3,upper_limit,flux_ceiling,457082.894357548,,471255.36558743776,39356789.41088242,,39356789.41088242,L_SX=3.770000e+30 erg s^-1 (value),Temperature ceiling derived from a luminosity budget; not a measured temperature interval,0.3--2.0 keV (XMM--Newton),,period coordinate in the dated Xu living-table snapshot,XuLive2025,Xu2025,https://xray-pulsar.github.io/counterparts/,https://doi.org/10.3847/1538-4357/adaebc,Xu living Table 2 line 152 (snapshot 2025-12-25),"The soft-band luminosity, or the full-band luminosity where a soft-band value is unavailable, is assigned to uniform surface emission to obtain a conservative temperature ceiling. Polar-cap, shock, or magnetospheric emission may contribute to that luminosity."
45,J0437-4715,J04374715,rotation-powered MSP,173.701580684,0.157,two_sided_estimate,strict,230000.0,220000.0,240000.0,4377318.353744315,3454394.291406804,11238166.280791543,Redshifted effective temperature of the whole surface,Posterior median and 16th–84th percentiles (68% credible interval),bolometric atmosphere result,,period coordinate in the dated Xu living-table snapshot,XuLive2025,GCGR2019,https://xray-pulsar.github.io/counterparts/,https://doi.org/10.1093/mnras/stz2941,Xu living Table 2 line 153 (snapshot 2025-12-25),The thermal fit includes a partially ionized hydrogen atmosphere over the bulk surface and models the hot polar caps separately. The published surface-temperature fit is used in place of a luminosity-based ceiling.
46,J0613-0200,J06130200,rotation-powered MSP,326.583932071,0.78,upper_limit,flux_ceiling,386452.99551821046,,396874.37471613014,28766389.432218343,,28766389.432218343,L_SX=7.420000e+29 erg s^-1 (value),Temperature ceiling derived from a luminosity budget; not a measured temperature interval,0.3--2.0 keV (XMM--Newton),,period coordinate in the dated Xu living-table snapshot,XuLive2025,Xu2025,https://xray-pulsar.github.io/counterparts/,https://doi.org/10.3847/1538-4357/adaebc,Xu living Table 2 line 154 (snapshot 2025-12-25),"The soft-band luminosity, or the full-band luminosity where a soft-band value is unavailable, is assigned to uniform surface emission to obtain a conservative temperature ceiling. Polar-cap, shock, or magnetospheric emission may contribute to that luminosity."
47,J0614-3329,J06143329,rotation-powered MSP,317.561130518,0.63,upper_limit,flux_ceiling,451768.4560259349,,465643.62922895834,38509291.53816707,,38509291.53816707,L_SX=3.390000e+30 erg s^-1 (value),Temperature ceiling derived from a luminosity budget; not a measured temperature interval,0.3--2.0 keV (XMM--Newton),,period coordinate in the dated Xu living-table snapshot,XuLive2025,Xu2025,https://xray-pulsar.github.io/counterparts/,https://doi.org/10.3847/1538-4357/adaebc,Xu living Table 2 line 155 (snapshot 2025-12-25),"The soft-band luminosity, or the full-band luminosity where a soft-band value is unavailable, is assigned to uniform surface emission to obtain a conservative temperature ceiling. Polar-cap, shock, or magnetospheric emission may contribute to that luminosity."
48,J0636+5128,J06365128,rotation-powered MSP,348.553502963,0.714,upper_limit,flux_ceiling,397245.11392408377,,408210.630178622,30289689.55758672,,30289689.55758672,L_SX=9.840000e+29 erg s^-1 (value),Temperature ceiling derived from a luminosity budget; not a measured temperature interval,0.3--2.0 keV (XMM--Newton),,period coordinate in the dated Xu living-table snapshot,XuLive2025,Xu2025,https://xray-pulsar.github.io/counterparts/,https://doi.org/10.3847/1538-4357/adaebc,Xu living Table 2 line 156 (snapshot 2025-12-25),"The soft-band luminosity, or the full-band luminosity where a soft-band value is unavailable, is assigned to uniform surface emission to obtain a conservative temperature ceiling. Polar-cap, shock, or magnetospheric emission may contribute to that luminosity."
49,J0740+6620,J07406620,rotation-powered MSP,346.5003465,1.15,upper_limit,flux_ceiling,444323.2478803196,,457785.859173651,37335748.80148911,,37335748.80148911,L_SX=2.910000e+30 erg s^-1 (value),Temperature ceiling derived from a luminosity budget; not a measured temperature interval,0.3--2.0 keV (XMM--Newton),,period coordinate in the dated Xu living-table snapshot,XuLive2025,Xu2025,https://xray-pulsar.github.io/counterparts/,https://doi.org/10.3847/1538-4357/adaebc,Xu living Table 2 line 158 (snapshot 2025-12-25),"The soft-band luminosity, or the full-band luminosity where a soft-band value is unavailable, is assigned to uniform surface emission to obtain a conservative temperature ceiling. Polar-cap, shock, or magnetospheric emission may contribute to that luminosity."
50,J0751+1807,J07511807,rotation-powered MSP,287.43891923,1.1,upper_limit,flux_ceiling,455727.66151279426,,469824.0839532548,39139884.98408562,,39139884.98408562,L_SX=3.670000e+30 erg s^-1 (value),Temperature ceiling derived from a luminosity budget; not a measured temperature interval,0.3--2.0 keV (XMM--Newton),,period coordinate in the dated Xu living-table snapshot,XuLive2025,Xu2025,https://xray-pulsar.github.io/counterparts/,https://doi.org/10.3847/1538-4357/adaebc,Xu living Table 2 line 159 (snapshot 2025-12-25),"The soft-band luminosity, or the full-band luminosity where a soft-band value is unavailable, is assigned to uniform surface emission to obtain a conservative temperature ceiling. Polar-cap, shock, or magnetospheric emission may contribute to that luminosity."
51,J0952-0607,J09520607,rotation-powered MSP,707.213578501,7.6,upper_limit,flux_ceiling,586707.5774112301,,608774.2137583514,62517268.98671498,,62517268.98671498,L_SX=2.940000e+31 erg s^-1 (value),Temperature ceiling derived from a luminosity budget; not a measured temperature interval,0.3--2.0 keV (XMM--Newton),,period coordinate in the dated Xu living-table snapshot,XuLive2025,Xu2025,https://xray-pulsar.github.io/counterparts/,https://doi.org/10.3847/1538-4357/adaebc,Xu living Table 2 line 160 (snapshot 2025-12-25),"The soft-band luminosity, or the full-band luminosity where a soft-band value is unavailable, is assigned to uniform surface emission to obtain a conservative temperature ceiling. Polar-cap, shock, or magnetospheric emission may contribute to that luminosity."
52,J1012+5307,J10125307,rotation-powered MSP,190.258751903,0.7,upper_limit,flux_ceiling,430409.560471754,,443113.9069108531,35185802.54167951,,35185802.54167951,L_SX=2.160000e+30 erg s^-1 (value),Temperature ceiling derived from a luminosity budget; not a measured temperature interval,0.3--2.0 keV (XMM--Newton),,period coordinate in the dated Xu living-table snapshot,XuLive2025,Xu2025,https://xray-pulsar.github.io/counterparts/,https://doi.org/10.3847/1538-4357/adaebc,Xu living Table 2 line 161 (snapshot 2025-12-25),"The soft-band luminosity, or the full-band luminosity where a soft-band value is unavailable, is assigned to uniform surface emission to obtain a conservative temperature ceiling. Polar-cap, shock, or magnetospheric emission may contribute to that luminosity."
53,J1023+0038,J10230038,rotation-powered MSP,592.417061611,1.19,upper_limit,flux_ceiling,1005130.9648510652,,1057758.1537868346,167981700.60911953,,167981700.60911953,L_SX=8.850000e+32 erg s^-1 (value),Temperature ceiling derived from a luminosity budget; not a measured temperature interval,0.3--2.0 keV (XMM--Newton),,period coordinate in the dated Xu living-table snapshot,XuLive2025,Xu2025,https://xray-pulsar.github.io/counterparts/,https://doi.org/10.3847/1538-4357/adaebc,Xu living Table 2 line 162 (snapshot 2025-12-25),"The soft-band luminosity, or the full-band luminosity where a soft-band value is unavailable, is assigned to uniform surface emission to obtain a conservative temperature ceiling. Polar-cap, shock, or magnetospheric emission may contribute to that luminosity."
54,J1024-0719,J10240719,rotation-powered MSP,193.723363038,1.22,upper_limit,flux_ceiling,429135.10636984545,,441770.7840035299,34991695.99088796,,34991695.99088796,L_SX=2.100000e+30 erg s^-1 (value),Temperature ceiling derived from a luminosity budget; not a measured temperature interval,0.3--2.0 keV (XMM--Newton),,period coordinate in the dated Xu living-table snapshot,XuLive2025,Xu2025,https://xray-pulsar.github.io/counterparts/,https://doi.org/10.3847/1538-4357/adaebc,Xu living Table 2 line 163 (snapshot 2025-12-25),"The soft-band luminosity, or the full-band luminosity where a soft-band value is unavailable, is assigned to uniform surface emission to obtain a conservative temperature ceiling. Polar-cap, shock, or magnetospheric emission may contribute to that luminosity."
55,J1035-6720,J10356720,rotation-powered MSP,348.189415042,1.461,upper_limit,flux_ceiling,427830.7799619616,,440396.4517869058,34793532.82209328,,34793532.82209328,L_SX=2.040000e+30 erg s^-1 (value),Temperature ceiling derived from a luminosity budget; not a measured temperature interval,0.3--2.0 keV (XMM--Newton),,period coordinate in the dated Xu living-table snapshot,XuLive2025,Xu2025,https://xray-pulsar.github.io/counterparts/,https://doi.org/10.3847/1538-4357/adaebc,Xu living Table 2 line 164 (snapshot 2025-12-25),"The soft-band luminosity, or the full-band luminosity where a soft-band value is unavailable, is assigned to uniform surface emission to obtain a conservative temperature ceiling. Polar-cap, shock, or magnetospheric emission may contribute to that luminosity."
56,J1124-3653,J11243653,rotation-powered MSP,414.937759336,0.987,upper_limit,flux_ceiling,602299.8102061843,,617633.9847392619,64267959.48529275,,64267959.48529275,L_SX=2.800000e+30 erg s^-1 (value),Temperature ceiling derived from a luminosity budget; not a measured temperature interval,0.5--2.0 keV (Chandra),,period coordinate in the dated Xu living-table snapshot,XuLive2025,Xu2025,https://xray-pulsar.github.io/counterparts/,https://doi.org/10.3847/1538-4357/adaebc,Xu living Table 2 line 165 (snapshot 2025-12-25),"The soft-band luminosity, or the full-band luminosity where a soft-band value is unavailable, is assigned to uniform surface emission to obtain a conservative temperature ceiling. Polar-cap, shock, or magnetospheric emission may contribute to that luminosity."
57,J1125+7819,J11257819,rotation-powered MSP,237.981913375,0.903,upper_limit,flux_ceiling,400181.87700852705,,411297.32388992567,30710178.847896863,,30710178.847896863,L_X_fallback=1.060000e+30 erg s^-1 (value),Temperature ceiling derived from a luminosity budget; not a measured temperature interval,0.3--2.3 keV (SRG/eROSITA),,period coordinate in the dated Xu living-table snapshot,XuLive2025,Shibanov2025,https://xray-pulsar.github.io/counterparts/,https://doi.org/10.1134/S1063773725700288,Xu living Table 2 line 166 (snapshot 2025-12-25),"The SRG/eROSITA association is a counterpart candidate at approximately 3 sigma or greater. Its assigned luminosity is used as a conservative budget for uniform surface emission; polar-cap, shock, or magnetospheric emission may contribute."
58,J1227-4853,J12274853,rotation-powered MSP,593.119810202,1.613,upper_limit,flux_ceiling,1053841.5206871645,,1110262.656726699,183125438.91049224,,183125438.91049224,L_SX=1.140000e+33 erg s^-1 (value),Temperature ceiling derived from a luminosity budget; not a measured temperature interval,0.3--2.0 keV (XMM--Newton),,period coordinate in the dated Xu living-table snapshot,XuLive2025,Xu2025,https://xray-pulsar.github.io/counterparts/,https://doi.org/10.3847/1538-4357/adaebc,Xu living Table 2 line 167 (snapshot 2025-12-25),"The soft-band luminosity, or the full-band luminosity where a soft-band value is unavailable, is assigned to uniform surface emission to obtain a conservative temperature ceiling. Polar-cap, shock, or magnetospheric emission may contribute to that luminosity."
59,J1231-1411,J12311411,rotation-powered MSP,271.444082519,0.42,upper_limit,flux_ceiling,453068.73668536654,,467016.4565247795,38715908.786778875,,38715908.786778875,L_SX=3.480000e+30 erg s^-1 (value),Temperature ceiling derived from a luminosity budget; not a measured temperature interval,0.3--2.0 keV (XMM--Newton),,period coordinate in the dated Xu living-table snapshot,XuLive2025,Xu2025,https://xray-pulsar.github.io/counterparts/,https://doi.org/10.3847/1538-4357/adaebc,Xu living Table 2 line 168 (snapshot 2025-12-25),"The soft-band luminosity, or the full-band luminosity where a soft-band value is unavailable, is assigned to uniform surface emission to obtain a conservative temperature ceiling. Polar-cap, shock, or magnetospheric emission may contribute to that luminosity."
60,J1306-4035,J13064035,rotation-powered MSP,453.514739229,4.7,upper_limit,flux_ceiling,834069.0331139155,,873620.3406756888,119422173.68645918,,119422173.68645918,L_SX=3.070000e+32 erg s^-1 (value),Temperature ceiling derived from a luminosity budget; not a measured temperature interval,0.3--2.0 keV (XMM--Newton),,period coordinate in the dated Xu living-table snapshot,XuLive2025,Xu2025,https://xray-pulsar.github.io/counterparts/,https://doi.org/10.3847/1538-4357/adaebc,Xu living Table 2 line 169 (snapshot 2025-12-25),"The soft-band luminosity, or the full-band luminosity where a soft-band value is unavailable, is assigned to uniform surface emission to obtain a conservative temperature ceiling. Polar-cap, shock, or magnetospheric emission may contribute to that luminosity."
61,J1300+1240,J13001240,rotation-powered MSP,160.797555877,0.709,upper_limit,flux_ceiling,467374.4817823114,,476880.2024866835,40272129.5281415,,40272129.5281415,L_X_fallback=1.250000e+29 erg s^-1 (value),Temperature ceiling derived from a luminosity budget; not a measured temperature interval,0.5--7.0 keV (Chandra),,period coordinate in the dated Xu living-table snapshot,XuLive2025,Xu2025,https://xray-pulsar.github.io/counterparts/,https://doi.org/10.3847/1538-4357/adaebc,Xu living Table 2 line 170 (snapshot 2025-12-25),"The soft-band luminosity, or the full-band luminosity where a soft-band value is unavailable, is assigned to uniform surface emission to obtain a conservative temperature ceiling. Polar-cap, shock, or magnetospheric emission may contribute to that luminosity."
62,J1311-3430,J13113430,rotation-powered MSP,390.625,2.43,upper_limit,flux_ceiling,612552.5404539722,,636321.422892012,67696127.65197267,,67696127.65197267,L_SX=4.040000e+31 erg s^-1 (value),Temperature ceiling derived from a luminosity budget; not a measured temperature interval,0.3--2.0 keV (XMM--Newton),,period coordinate in the dated Xu living-table snapshot,XuLive2025,Xu2025,https://xray-pulsar.github.io/counterparts/,https://doi.org/10.3847/1538-4357/adaebc,Xu living Table 2 line 171 (snapshot 2025-12-25),"The soft-band luminosity, or the full-band luminosity where a soft-band value is unavailable, is assigned to uniform surface emission to obtain a conservative temperature ceiling. Polar-cap, shock, or magnetospheric emission may contribute to that luminosity."
63,J1326-4728A,J13264728A,rotation-powered MSP,243.368216111,5.43,upper_limit,flux_ceiling,424662.1860539553,,437058.18199761247,34314188.776873805,,34314188.776873805,L_X_fallback=1.900000e+30 erg s^-1 (value),Temperature ceiling derived from a luminosity budget; not a measured temperature interval,0.3--8.0 keV (Zhao--Heinke catalogue),,period coordinate in the dated Xu living-table snapshot,XuLive2025,ZhaoHeinke2022,https://xray-pulsar.github.io/counterparts/,https://doi.org/10.1093/mnras/stac442,Xu living Table 2 line 172 (snapshot 2025-12-25),"The soft-band luminosity, or the full-band luminosity where a soft-band value is unavailable, is assigned to uniform surface emission to obtain a conservative temperature ceiling. Polar-cap, shock, or magnetospheric emission may contribute to that luminosity."
64,J1400-1431,J14001431,rotation-powered MSP,324.254215305,0.278,upper_limit,flux_ceiling,320672.0482959182,,328025.812252475,20236328.436231807,,20236328.436231807,L_SX=9.130000e+28 erg s^-1 (value),Temperature ceiling derived from a luminosity budget; not a measured temperature interval,0.3--2.0 keV (XMM--Newton),,period coordinate in the dated Xu living-table snapshot,XuLive2025,Xu2025,https://xray-pulsar.github.io/counterparts/,https://doi.org/10.3847/1538-4357/adaebc,Xu living Table 2 line 174 (snapshot 2025-12-25),"The soft-band luminosity, or the full-band luminosity where a soft-band value is unavailable, is assigned to uniform surface emission to obtain a conservative temperature ceiling. Polar-cap, shock, or magnetospheric emission may contribute to that luminosity."
65,J1417-4402,J14174402,rotation-powered MSP,375.375375375,4.4,upper_limit,flux_ceiling,1083511.5344335008,,1127353.8186111825,188493060.85515016,,188493060.85515016,L_SX=4.760000e+32 erg s^-1 (value),Temperature ceiling derived from a luminosity budget; not a measured temperature interval,0.5--2.0 keV (Chandra),,period coordinate in the dated Xu living-table snapshot,XuLive2025,Xu2025,https://xray-pulsar.github.io/counterparts/,https://doi.org/10.3847/1538-4357/adaebc,Xu living Table 2 line 175 (snapshot 2025-12-25),"The soft-band luminosity, or the full-band luminosity where a soft-band value is unavailable, is assigned to uniform surface emission to obtain a conservative temperature ceiling. Polar-cap, shock, or magnetospheric emission may contribute to that luminosity."
66,J1431-4715,J14314715,rotation-powered MSP,497.017892644,1.562,upper_limit,flux_ceiling,436382.7836974058,,449410.625696035,36101877.56477385,,36101877.56477385,L_SX=2.460000e+30 erg s^-1 (value),Temperature ceiling derived from a luminosity budget; not a measured temperature interval,0.3--2.0 keV (XMM--Newton),,period coordinate in the dated Xu living-table snapshot,XuLive2025,Xu2025,https://xray-pulsar.github.io/counterparts/,https://doi.org/10.3847/1538-4357/adaebc,Xu living Table 2 line 176 (snapshot 2025-12-25),"The soft-band luminosity, or the full-band luminosity where a soft-band value is unavailable, is assigned to uniform surface emission to obtain a conservative temperature ceiling. Polar-cap, shock, or magnetospheric emission may contribute to that luminosity."
67,J1446-4701,J14464701,rotation-powered MSP,455.580865604,1.569,upper_limit,flux_ceiling,445790.8807895743,,459334.44690510264,37565811.58893657,,37565811.58893657,L_SX=3.000000e+30 erg s^-1 (value),Temperature ceiling derived from a luminosity budget; not a measured temperature interval,0.3--2.0 keV (XMM--Newton),,period coordinate in the dated Xu living-table snapshot,XuLive2025,Xu2025,https://xray-pulsar.github.io/counterparts/,https://doi.org/10.3847/1538-4357/adaebc,Xu living Table 2 line 177 (snapshot 2025-12-25),"The soft-band luminosity, or the full-band luminosity where a soft-band value is unavailable, is assigned to uniform surface emission to obtain a conservative temperature ceiling. Polar-cap, shock, or magnetospheric emission may contribute to that luminosity."
68,J1514-4946,J15144946,rotation-powered MSP,278.629144609,0.908,upper_limit,flux_ceiling,499096.0718591688,,509864.77973236056,45466106.25643783,,45466106.25643783,L_SX=2.990000e+29 erg s^-1 (value),Temperature ceiling derived from a luminosity budget; not a measured temperature interval,0.5--2.0 keV (Chandra),,period coordinate in the dated Xu living-table snapshot,XuLive2025,Xu2025,https://xray-pulsar.github.io/counterparts/,https://doi.org/10.3847/1538-4357/adaebc,Xu living Table 2 line 178 (snapshot 2025-12-25),"The soft-band luminosity, or the full-band luminosity where a soft-band value is unavailable, is assigned to uniform surface emission to obtain a conservative temperature ceiling. Polar-cap, shock, or magnetospheric emission may contribute to that luminosity."
69,J1518+0204C,J15180204C,rotation-powered MSP,402.576489533,7.48,upper_limit,flux_ceiling,516408.66306184005,,534048.913522122,49367824.072812736,,49367824.072812736,L_X_fallback=1.080000e+31 erg s^-1 (value),Temperature ceiling derived from a luminosity budget; not a measured temperature interval,0.3--8.0 keV (Zhao--Heinke catalogue),,period coordinate in the dated Xu living-table snapshot,XuLive2025,ZhaoHeinke2022,https://xray-pulsar.github.io/counterparts/,https://doi.org/10.1093/mnras/stac442,Xu living Table 2 line 179 (snapshot 2025-12-25),"The soft-band luminosity, or the full-band luminosity where a soft-band value is unavailable, is assigned to uniform surface emission to obtain a conservative temperature ceiling. Polar-cap, shock, or magnetospheric emission may contribute to that luminosity."
70,J1544+4937,J15444937,rotation-powered MSP,463.177396943,2.99,upper_limit,flux_ceiling,479444.4027414923,,494892.39291276486,43012009.1838624,,43012009.1838624,L_X_fallback=5.760000e+30 erg s^-1 (value),Temperature ceiling derived from a luminosity budget; not a measured temperature interval,0.3--2.3 keV (SRG/eROSITA),,period coordinate in the dated Xu living-table snapshot,XuLive2025,Shibanov2025,https://xray-pulsar.github.io/counterparts/,https://doi.org/10.1134/S1063773725700288,Xu living Table 2 line 181 (snapshot 2025-12-25),"The SRG/eROSITA association is a counterpart candidate at approximately 3 sigma or greater. Its assigned luminosity is used as a conservative budget for uniform surface emission; polar-cap, shock, or magnetospheric emission may contribute."
71,J1602+3901,J16023901,rotation-powered MSP,269.687162891,1.63,upper_limit,flux_ceiling,459192.5866818163,,473483.6248477242,39695499.20565298,,39695499.20565298,L_X_fallback=3.930000e+30 erg s^-1 (value),Temperature ceiling derived from a luminosity budget; not a measured temperature interval,0.3--2.3 keV (SRG/eROSITA),,period coordinate in the dated Xu living-table snapshot,XuLive2025,Shibanov2025,https://xray-pulsar.github.io/counterparts/,https://doi.org/10.1134/S1063773725700288,Xu living Table 2 line 182 (snapshot 2025-12-25),"The SRG/eROSITA association is a counterpart candidate at approximately 3 sigma or greater. Its assigned luminosity is used as a conservative budget for uniform surface emission; polar-cap, shock, or magnetospheric emission may contribute."
72,J1614-2230,J16142230,rotation-powered MSP,317.359568391,0.7,upper_limit,flux_ceiling,417443.2254868251,,429455.96255891706,33233090.347872704,,33233090.347872704,L_SX=1.610000e+30 erg s^-1 (value),Temperature ceiling derived from a luminosity budget; not a measured temperature interval,0.3--2.0 keV (XMM--Newton),,period coordinate in the dated Xu living-table snapshot,XuLive2025,Xu2025,https://xray-pulsar.github.io/counterparts/,https://doi.org/10.3847/1538-4357/adaebc,Xu living Table 2 line 183 (snapshot 2025-12-25),"The soft-band luminosity, or the full-band luminosity where a soft-band value is unavailable, is assigned to uniform surface emission to obtain a conservative temperature ceiling. Polar-cap, shock, or magnetospheric emission may contribute to that luminosity."
73,J1622-0315,J16220315,rotation-powered MSP,260.078023407,1.142,upper_limit,flux_ceiling,397562.9180923648,,408544.58808037295,30335066.805639382,,30335066.805639382,L_SX=9.920000e+29 erg s^-1 (value),Temperature ceiling derived from a luminosity budget; not a measured temperature interval,0.3--2.0 keV (XMM--Newton),,period coordinate in the dated Xu living-table snapshot,XuLive2025,Xu2025,https://xray-pulsar.github.io/counterparts/,https://doi.org/10.3847/1538-4357/adaebc,Xu living Table 2 line 184 (snapshot 2025-12-25),"The soft-band luminosity, or the full-band luminosity where a soft-band value is unavailable, is assigned to uniform surface emission to obtain a conservative temperature ceiling. Polar-cap, shock, or magnetospheric emission may contribute to that luminosity."
74,J1625-0021,J16250021,rotation-powered MSP,352.858151023,0.951,upper_limit,flux_ceiling,402021.0748562478,,413230.91700952745,30974821.68284969,,30974821.68284969,L_SX=1.110000e+30 erg s^-1 (value),Temperature ceiling derived from a luminosity budget; not a measured temperature interval,0.3--2.0 keV (XMM--Newton),,period coordinate in the dated Xu living-table snapshot,XuLive2025,Xu2025,https://xray-pulsar.github.io/counterparts/,https://doi.org/10.3847/1538-4357/adaebc,Xu living Table 2 line 186 (snapshot 2025-12-25),"The soft-band luminosity, or the full-band luminosity where a soft-band value is unavailable, is assigned to uniform surface emission to obtain a conservative temperature ceiling. Polar-cap, shock, or magnetospheric emission may contribute to that luminosity."
75,J1628-3205,J16283205,rotation-powered MSP,311.332503113,1.227,upper_limit,flux_ceiling,629172.5376802197,,645803.3241181471,69634312.1071786,,69634312.1071786,L_SX=4.480000e+30 erg s^-1 (value),Temperature ceiling derived from a luminosity budget; not a measured temperature interval,0.5--2.0 keV (Chandra),,period coordinate in the dated Xu living-table snapshot,XuLive2025,Xu2025,https://xray-pulsar.github.io/counterparts/,https://doi.org/10.3847/1538-4357/adaebc,Xu living Table 2 line 187 (snapshot 2025-12-25),"The soft-band luminosity, or the full-band luminosity where a soft-band value is unavailable, is assigned to uniform surface emission to obtain a conservative temperature ceiling. Polar-cap, shock, or magnetospheric emission may contribute to that luminosity."
76,J1630+3734,J16303734,rotation-powered MSP,301.386377336,1.187,upper_limit,flux_ceiling,495378.50956856663,,511759.1446936987,45704118.46598019,,45704118.46598019,L_X_fallback=7.630000e+30 erg s^-1 (value),Temperature ceiling derived from a luminosity budget; not a measured temperature interval,0.3--2.3 keV (SRG/eROSITA),,period coordinate in the dated Xu living-table snapshot,XuLive2025,Shibanov2025,https://xray-pulsar.github.io/counterparts/,https://doi.org/10.1134/S1063773725700288,Xu living Table 2 line 188 (snapshot 2025-12-25),"The SRG/eROSITA association is a counterpart candidate at approximately 3 sigma or greater. Its assigned luminosity is used as a conservative budget for uniform surface emission; polar-cap, shock, or magnetospheric emission may contribute."
77,J1640+2224,J16402224,rotation-powered MSP,316.15554853,1.37,upper_limit,flux_ceiling,554317.0900716108,,567444.4682059557,55167203.48393674,,55167203.48393674,L_SX=1.090000e+30 erg s^-1 (value),Temperature ceiling derived from a luminosity budget; not a measured temperature interval,0.5--2.0 keV (Chandra),,period coordinate in the dated Xu living-table snapshot,XuLive2025,Xu2025,https://xray-pulsar.github.io/counterparts/,https://doi.org/10.3847/1538-4357/adaebc,Xu living Table 2 line 189 (snapshot 2025-12-25),"The soft-band luminosity, or the full-band luminosity where a soft-band value is unavailable, is assigned to uniform surface emission to obtain a conservative temperature ceiling. Polar-cap, shock, or magnetospheric emission may contribute to that luminosity."
78,J1641+3627B,J16413627B,rotation-powered MSP,283.446712018,7.42,upper_limit,flux_ceiling,506511.7830171856,,523555.413417468,47628054.55288238,,47628054.55288238,L_X_fallback=9.200000e+30 erg s^-1 (value),Temperature ceiling derived from a luminosity budget; not a measured temperature interval,0.3--8.0 keV (Zhao--Heinke catalogue),,period coordinate in the dated Xu living-table snapshot,XuLive2025,ZhaoHeinke2022,https://xray-pulsar.github.io/counterparts/,https://doi.org/10.1093/mnras/stac442,Xu living Table 2 line 190 (snapshot 2025-12-25),"The soft-band luminosity, or the full-band luminosity where a soft-band value is unavailable, is assigned to uniform surface emission to obtain a conservative temperature ceiling. Polar-cap, shock, or magnetospheric emission may contribute to that luminosity."
79,J1641+3627C,J16413627C,rotation-powered MSP,268.672756582,7.42,upper_limit,flux_ceiling,458802.3920319935,,473071.50474656344,39632744.0542688,,39632744.0542688,L_X_fallback=3.900000e+30 erg s^-1 (value),Temperature ceiling derived from a luminosity budget; not a measured temperature interval,0.3--8.0 keV (Zhao--Heinke catalogue),,period coordinate in the dated Xu living-table snapshot,XuLive2025,ZhaoHeinke2022,https://xray-pulsar.github.io/counterparts/,https://doi.org/10.1093/mnras/stac442,Xu living Table 2 line 191 (snapshot 2025-12-25),"The soft-band luminosity, or the full-band luminosity where a soft-band value is unavailable, is assigned to uniform surface emission to obtain a conservative temperature ceiling. Polar-cap, shock, or magnetospheric emission may contribute to that luminosity."
80,J1641+3627E,J16413627E,rotation-powered MSP,402.090872537,7.42,upper_limit,flux_ceiling,525731.6352189328,,543940.4064152321,51032093.78859151,,51032093.78859151,L_X_fallback=1.250000e+31 erg s^-1 (value),Temperature ceiling derived from a luminosity budget; not a measured temperature interval,0.3--8.0 keV (Zhao--Heinke catalogue),,period coordinate in the dated Xu living-table snapshot,XuLive2025,ZhaoHeinke2022,https://xray-pulsar.github.io/counterparts/,https://doi.org/10.1093/mnras/stac442,Xu living Table 2 line 193 (snapshot 2025-12-25),"The soft-band luminosity, or the full-band luminosity where a soft-band value is unavailable, is assigned to uniform surface emission to obtain a conservative temperature ceiling. Polar-cap, shock, or magnetospheric emission may contribute to that luminosity."
81,J1641+3627F,J16413627F,rotation-powered MSP,332.889480692,7.42,upper_limit,flux_ceiling,497414.7393268229,,513915.9632346003,46053352.25109497,,46053352.25109497,L_X_fallback=7.900000e+30 erg s^-1 (value),Temperature ceiling derived from a luminosity budget; not a measured temperature interval,0.3--8.0 keV (Zhao--Heinke catalogue),,period coordinate in the dated Xu living-table snapshot,XuLive2025,ZhaoHeinke2022,https://xray-pulsar.github.io/counterparts/,https://doi.org/10.1093/mnras/stac442,Xu living Table 2 line 194 (snapshot 2025-12-25),"The soft-band luminosity, or the full-band luminosity where a soft-band value is unavailable, is assigned to uniform surface emission to obtain a conservative temperature ceiling. Polar-cap, shock, or magnetospheric emission may contribute to that luminosity."
82,J1643-1224,J16431224,rotation-powered MSP,216.356555604,0.74,upper_limit,flux_ceiling,386251.5712397934,,396662.8323020224,28738280.176230744,,28738280.176230744,L_SX=7.380000e+29 erg s^-1 (value),Temperature ceiling derived from a luminosity budget; not a measured temperature interval,0.3--2.0 keV (XMM--Newton),,period coordinate in the dated Xu living-table snapshot,XuLive2025,Xu2025,https://xray-pulsar.github.io/counterparts/,https://doi.org/10.3847/1538-4357/adaebc,Xu living Table 2 line 195 (snapshot 2025-12-25),"The soft-band luminosity, or the full-band luminosity where a soft-band value is unavailable, is assigned to uniform surface emission to obtain a conservative temperature ceiling. Polar-cap, shock, or magnetospheric emission may contribute to that luminosity."
83,J1653-0158,J16530158,rotation-powered MSP,508.130081301,0.84,upper_limit,flux_ceiling,466189.61187569145,,480876.75510993187,40828012.32723933,,40828012.32723933,L_SX=4.500000e+30 erg s^-1 (value),Temperature ceiling derived from a luminosity budget; not a measured temperature interval,0.3--2.0 keV (XMM--Newton),,period coordinate in the dated Xu living-table snapshot,XuLive2025,Xu2025,https://xray-pulsar.github.io/counterparts/,https://doi.org/10.3847/1538-4357/adaebc,Xu living Table 2 line 196 (snapshot 2025-12-25),"The soft-band luminosity, or the full-band luminosity where a soft-band value is unavailable, is assigned to uniform surface emission to obtain a conservative temperature ceiling. Polar-cap, shock, or magnetospheric emission may contribute to that luminosity."
84,J1658-5324,J16585324,rotation-powered MSP,410.004100041,0.88,upper_limit,flux_ceiling,549018.4896252186,,561911.0594642346,54200338.074219346,,54200338.074219346,L_SX=9.730000e+29 erg s^-1 (value),Temperature ceiling derived from a luminosity budget; not a measured temperature interval,0.5--2.0 keV (Chandra),,period coordinate in the dated Xu living-table snapshot,XuLive2025,Xu2025,https://xray-pulsar.github.io/counterparts/,https://doi.org/10.3847/1538-4357/adaebc,Xu living Table 2 line 198 (snapshot 2025-12-25),"The soft-band luminosity, or the full-band luminosity where a soft-band value is unavailable, is assigned to uniform surface emission to obtain a conservative temperature ceiling. Polar-cap, shock, or magnetospheric emission may contribute to that luminosity."
85,J1701-3006C,J17013006C,rotation-powered MSP,131.354262446,6.41,upper_limit,flux_ceiling,645970.762932033,,671993.0604551085,74663173.60117309,,74663173.60117309,L_X_fallback=5.900000e+31 erg s^-1 (value),Temperature ceiling derived from a luminosity budget; not a measured temperature interval,0.3--8.0 keV (Zhao--Heinke catalogue),,period coordinate in the dated Xu living-table snapshot,XuLive2025,ZhaoHeinke2022,https://xray-pulsar.github.io/counterparts/,https://doi.org/10.1093/mnras/stac442,Xu living Table 2 line 200 (snapshot 2025-12-25),"The soft-band luminosity, or the full-band luminosity where a soft-band value is unavailable, is assigned to uniform surface emission to obtain a conservative temperature ceiling. Polar-cap, shock, or magnetospheric emission may contribute to that luminosity."
86,J1709+2313,J17092313,rotation-powered MSP,215.936082919,2.179,upper_limit,flux_ceiling,543152.63680711,,555787.0805840871,53138798.869999714,,53138798.869999714,L_SX=8.560000e+29 erg s^-1 (value),Temperature ceiling derived from a luminosity budget; not a measured temperature interval,0.5--2.0 keV (Chandra),,period coordinate in the dated Xu living-table snapshot,XuLive2025,Xu2025,https://xray-pulsar.github.io/counterparts/,https://doi.org/10.3847/1538-4357/adaebc,Xu living Table 2 line 201 (snapshot 2025-12-25),"The soft-band luminosity, or the full-band luminosity where a soft-band value is unavailable, is assigned to uniform surface emission to obtain a conservative temperature ceiling. Polar-cap, shock, or magnetospheric emission may contribute to that luminosity."
87,J1710+4923,J17104923,rotation-powered MSP,310.559006211,0.506,upper_limit,flux_ceiling,370457.28954171645,,380092.6414218251,26572344.408225708,,26572344.408225708,L_X_fallback=4.750000e+29 erg s^-1 (value),Temperature ceiling derived from a luminosity budget; not a measured temperature interval,0.3--2.3 keV (SRG/eROSITA),,period coordinate in the dated Xu living-table snapshot,XuLive2025,Shibanov2025,https://xray-pulsar.github.io/counterparts/,https://doi.org/10.1134/S1063773725700288,Xu living Table 2 line 202 (snapshot 2025-12-25),"The SRG/eROSITA association is a counterpart candidate at approximately 3 sigma or greater. Its assigned luminosity is used as a conservative budget for uniform surface emission; polar-cap, shock, or magnetospheric emission may contribute."
88,J1717+4308A,J17174308A,rotation-powered MSP,316.455696203,8.5,upper_limit,flux_ceiling,679163.5951150632,,707476.9956377886,81882338.0850861,,81882338.0850861,L_X_fallback=8.330000e+31 erg s^-1 (value),Temperature ceiling derived from a luminosity budget; not a measured temperature interval,0.3--8.0 keV (Zhao--Heinke catalogue),,period coordinate in the dated Xu living-table snapshot,XuLive2025,ZhaoHeinke2022,https://xray-pulsar.github.io/counterparts/,https://doi.org/10.1093/mnras/stac442,Xu living Table 2 line 203 (snapshot 2025-12-25),"The soft-band luminosity, or the full-band luminosity where a soft-band value is unavailable, is assigned to uniform surface emission to obtain a conservative temperature ceiling. Polar-cap, shock, or magnetospheric emission may contribute to that luminosity."
89,J1723-2837,J17232837,rotation-powered MSP,538.793103448,0.926,two_sided_estimate,conditional,415929.0,392093.0,449292.0,11999748.20947422,8978264.93435117,36227555.079462916,Redshifted effective temperature of the whole surface,Range from radius and distance uncertainties; no probability content specified,bolometric atmosphere result,,period coordinate in the dated Xu living-table snapshot,XuLive2025,Boztepe2020,https://xray-pulsar.github.io/counterparts/,https://doi.org/10.1093/mnras/staa2503,Xu living Table 2 line 204 (snapshot 2025-12-25),The adopted temperature follows the full-surface NSA interpretation. A blackbody plus power-law model with a hot spot fits the same archival spectrum comparably well. The local NSA temperature has been converted to the observer frame.
90,J1730-2304,J17302304,rotation-powered MSP,123.107226394,0.62,upper_limit,flux_ceiling,383547.67606847954,,393824.457430747,28362222.443105903,,28362222.443105903,L_SX=6.860000e+29 erg s^-1 (value),Temperature ceiling derived from a luminosity budget; not a measured temperature interval,0.3--2.0 keV (XMM--Newton),,period coordinate in the dated Xu living-table snapshot,XuLive2025,Xu2025,https://xray-pulsar.github.io/counterparts/,https://doi.org/10.3847/1538-4357/adaebc,Xu living Table 2 line 205 (snapshot 2025-12-25),"The soft-band luminosity, or the full-band luminosity where a soft-band value is unavailable, is assigned to uniform surface emission to obtain a conservative temperature ceiling. Polar-cap, shock, or magnetospheric emission may contribute to that luminosity."
91,J1731-1847,J17311847,rotation-powered MSP,426.439232409,4.782,upper_limit,flux_ceiling,420799.83270052035,,432990.19601634145,33733882.86343427,,33733882.86343427,L_SX=1.740000e+30 erg s^-1 (value),Temperature ceiling derived from a luminosity budget; not a measured temperature interval,0.3--2.0 keV (XMM--Newton),,period coordinate in the dated Xu living-table snapshot,XuLive2025,Xu2025,https://xray-pulsar.github.io/counterparts/,https://doi.org/10.3847/1538-4357/adaebc,Xu living Table 2 line 206 (snapshot 2025-12-25),"The soft-band luminosity, or the full-band luminosity where a soft-band value is unavailable, is assigned to uniform surface emission to obtain a conservative temperature ceiling. Polar-cap, shock, or magnetospheric emission may contribute to that luminosity."
92,J1737-0314A,J17370314A,rotation-powered MSP,505.050505051,9.1,upper_limit,flux_ceiling,656744.5848111282,,683505.1268608363,76973883.58321452,,76973883.58321452,L_X_fallback=6.620000e+31 erg s^-1 (value),Temperature ceiling derived from a luminosity budget; not a measured temperature interval,0.3--8.0 keV (Zhao--Heinke catalogue),,period coordinate in the dated Xu living-table snapshot,XuLive2025,ZhaoHeinke2022,https://xray-pulsar.github.io/counterparts/,https://doi.org/10.1093/mnras/stac442,Xu living Table 2 line 207 (snapshot 2025-12-25),"The soft-band luminosity, or the full-band luminosity where a soft-band value is unavailable, is assigned to uniform surface emission to obtain a conservative temperature ceiling. Polar-cap, shock, or magnetospheric emission may contribute to that luminosity."
93,J1740-5340A,J17405340A,rotation-powered MSP,273.97260274,2.482,upper_limit,flux_ceiling,565382.9506576093,,586074.0737848727,58382874.02984105,,58382874.02984105,L_X_fallback=2.220000e+31 erg s^-1 (value),Temperature ceiling derived from a luminosity budget; not a measured temperature interval,0.3--8.0 keV (Zhao--Heinke catalogue),,period coordinate in the dated Xu living-table snapshot,XuLive2025,ZhaoHeinke2022,https://xray-pulsar.github.io/counterparts/,https://doi.org/10.1093/mnras/stac442,Xu living Table 2 line 208 (snapshot 2025-12-25),"The soft-band luminosity, or the full-band luminosity where a soft-band value is unavailable, is assigned to uniform surface emission to obtain a conservative temperature ceiling. Polar-cap, shock, or magnetospheric emission may contribute to that luminosity."
94,J1740-5340B,J17405340B,rotation-powered MSP,172.801105927,2.482,upper_limit,flux_ceiling,657885.9061061656,,684724.933414842,77220491.8343625,,77220491.8343625,L_X_fallback=6.700000e+31 erg s^-1 (value),Temperature ceiling derived from a luminosity budget; not a measured temperature interval,0.3--8.0 keV (Zhao--Heinke catalogue),,period coordinate in the dated Xu living-table snapshot,XuLive2025,ZhaoHeinke2022,https://xray-pulsar.github.io/counterparts/,https://doi.org/10.1093/mnras/stac442,Xu living Table 2 line 209 (snapshot 2025-12-25),"The soft-band luminosity, or the full-band luminosity where a soft-band value is unavailable, is assigned to uniform surface emission to obtain a conservative temperature ceiling. Polar-cap, shock, or magnetospheric emission may contribute to that luminosity."
95,J1744-1134,J17441134,rotation-powered MSP,245.398773006,0.395,upper_limit,flux_ceiling,501978.87614099187,,512865.84688895865,45951924.407646865,,45951924.407646865,L_SX=3.220000e+29 erg s^-1 (value),Temperature ceiling derived from a luminosity budget; not a measured temperature interval,0.5--2.0 keV (Chandra),,period coordinate in the dated Xu living-table snapshot,XuLive2025,Xu2025,https://xray-pulsar.github.io/counterparts/,https://doi.org/10.3847/1538-4357/adaebc,Xu living Table 2 line 210 (snapshot 2025-12-25),"The soft-band luminosity, or the full-band luminosity where a soft-band value is unavailable, is assigned to uniform surface emission to obtain a conservative temperature ceiling. Polar-cap, shock, or magnetospheric emission may contribute to that luminosity."
96,J1744-7619,J17447619,rotation-powered MSP,213.310580205,1.0,upper_limit,flux_ceiling,390764.54340912553,,401401.954382729,29370810.139878143,,29370810.139878143,L_SX=8.320000e+29 erg s^-1 (upper_limit),Temperature ceiling derived from a luminosity budget; not a measured temperature interval,0.3--2.0 keV (XMM--Newton),,period coordinate in the dated Xu living-table snapshot,XuLive2025,Smith3PC2023,https://xray-pulsar.github.io/counterparts/,https://doi.org/10.3847/1538-4357/acee67,Xu living Table 2 line 211 (snapshot 2025-12-25),"The soft-band luminosity, or the full-band luminosity where a soft-band value is unavailable, is assigned to uniform surface emission to obtain a conservative temperature ceiling. Polar-cap, shock, or magnetospheric emission may contribute to that luminosity."
97,J1748-2446E,J17482446E,rotation-powered MSP,454.959053685,6.62,upper_limit,flux_ceiling,424662.1860539553,,437058.18199761247,34314188.776873805,,34314188.776873805,L_X_fallback=1.900000e+30 erg s^-1 (value),Temperature ceiling derived from a luminosity budget; not a measured temperature interval,0.3--8.0 keV (Zhao--Heinke catalogue),,period coordinate in the dated Xu living-table snapshot,XuLive2025,ZhaoHeinke2022,https://xray-pulsar.github.io/counterparts/,https://doi.org/10.1093/mnras/stac442,Xu living Table 2 line 213 (snapshot 2025-12-25),"The soft-band luminosity, or the full-band luminosity where a soft-band value is unavailable, is assigned to uniform surface emission to obtain a conservative temperature ceiling. Polar-cap, shock, or magnetospheric emission may contribute to that luminosity."
98,J1748-2446F,J17482446F,rotation-powered MSP,180.505415162,6.62,upper_limit,flux_ceiling,474901.07660694304,,490086.7887983251,42257723.92749715,,42257723.92749715,L_X_fallback=5.300000e+30 erg s^-1 (value),Temperature ceiling derived from a luminosity budget; not a measured temperature interval,0.3--8.0 keV (Zhao--Heinke catalogue),,period coordinate in the dated Xu living-table snapshot,XuLive2025,ZhaoHeinke2022,https://xray-pulsar.github.io/counterparts/,https://doi.org/10.1093/mnras/stac442,Xu living Table 2 line 214 (snapshot 2025-12-25),"The soft-band luminosity, or the full-band luminosity where a soft-band value is unavailable, is assigned to uniform surface emission to obtain a conservative temperature ceiling. Polar-cap, shock, or magnetospheric emission may contribute to that luminosity."
99,J1748-2446H,J17482446H,rotation-powered MSP,203.004466098,6.62,upper_limit,flux_ceiling,465015.503914106,,479635.8861383549,40636990.08645594,,40636990.08645594,L_X_fallback=4.400000e+30 erg s^-1 (value),Temperature ceiling derived from a luminosity budget; not a measured temperature interval,0.3--8.0 keV (Zhao--Heinke catalogue),,period coordinate in the dated Xu living-table snapshot,XuLive2025,ZhaoHeinke2022,https://xray-pulsar.github.io/counterparts/,https://doi.org/10.1093/mnras/stac442,Xu living Table 2 line 215 (snapshot 2025-12-25),"The soft-band luminosity, or the full-band luminosity where a soft-band value is unavailable, is assigned to uniform surface emission to obtain a conservative temperature ceiling. Polar-cap, shock, or magnetospheric emission may contribute to that luminosity."
100,J1748-2446K,J17482446K,rotation-powered MSP,336.7003367,6.62,upper_limit,flux_ceiling,408445.0023371,,419986.5172682108,31906968.097862948,,31906968.097862948,L_X_fallback=1.300000e+30 erg s^-1 (value),Temperature ceiling derived from a luminosity budget; not a measured temperature interval,0.3--8.0 keV (Zhao--Heinke catalogue),,period coordinate in the dated Xu living-table snapshot,XuLive2025,ZhaoHeinke2022,https://xray-pulsar.github.io/counterparts/,https://doi.org/10.1093/mnras/stac442,Xu living Table 2 line 216 (snapshot 2025-12-25),"The soft-band luminosity, or the full-band luminosity where a soft-band value is unavailable, is assigned to uniform surface emission to obtain a conservative temperature ceiling. Polar-cap, shock, or magnetospheric emission may contribute to that luminosity."
101,J1748-2446L,J17482446L,rotation-powered MSP,445.434298441,6.62,upper_limit,flux_ceiling,500332.4320189973,,517006.8800924684,46555842.17970701,,46555842.17970701,L_X_fallback=8.300000e+30 erg s^-1 (value),Temperature ceiling derived from a luminosity budget; not a measured temperature interval,0.3--8.0 keV (Zhao--Heinke catalogue),,period coordinate in the dated Xu living-table snapshot,XuLive2025,ZhaoHeinke2022,https://xray-pulsar.github.io/counterparts/,https://doi.org/10.1093/mnras/stac442,Xu living Table 2 line 217 (snapshot 2025-12-25),"The soft-band luminosity, or the full-band luminosity where a soft-band value is unavailable, is assigned to uniform surface emission to obtain a conservative temperature ceiling. Polar-cap, shock, or magnetospheric emission may contribute to that luminosity."
102,J1748-2446N,J17482446N,rotation-powered MSP,115.380177685,6.62,upper_limit,flux_ceiling,411522.64587990986,,423224.67233183695,32357875.413809624,,32357875.413809624,L_X_fallback=1.400000e+30 erg s^-1 (value),Temperature ceiling derived from a luminosity budget; not a measured temperature interval,0.3--8.0 keV (Zhao--Heinke catalogue),,period coordinate in the dated Xu living-table snapshot,XuLive2025,ZhaoHeinke2022,https://xray-pulsar.github.io/counterparts/,https://doi.org/10.1093/mnras/stac442,Xu living Table 2 line 218 (snapshot 2025-12-25),"The soft-band luminosity, or the full-band luminosity where a soft-band value is unavailable, is assigned to uniform surface emission to obtain a conservative temperature ceiling. Polar-cap, shock, or magnetospheric emission may contribute to that luminosity."
103,J1748-2446O,J17482446O,rotation-powered MSP,596.302921884,6.62,upper_limit,flux_ceiling,558869.9523173992,,579146.3731695017,57145298.27492785,,57145298.27492785,L_X_fallback=2.030000e+31 erg s^-1 (value),Temperature ceiling derived from a luminosity budget; not a measured temperature interval,0.3--8.0 keV (Zhao--Heinke catalogue),,period coordinate in the dated Xu living-table snapshot,XuLive2025,ZhaoHeinke2022,https://xray-pulsar.github.io/counterparts/,https://doi.org/10.1093/mnras/stac442,Xu living Table 2 line 219 (snapshot 2025-12-25),"The soft-band luminosity, or the full-band luminosity where a soft-band value is unavailable, is assigned to uniform surface emission to obtain a conservative temperature ceiling. Polar-cap, shock, or magnetospheric emission may contribute to that luminosity."
104,J1748-2446P,J17482446P,rotation-powered MSP,578.368999422,6.62,upper_limit,flux_ceiling,846840.7329033448,,887349.8221635802,122794374.08691417,,122794374.08691417,L_X_fallback=3.360000e+32 erg s^-1 (value),Temperature ceiling derived from a luminosity budget; not a measured temperature interval,0.3--8.0 keV (Zhao--Heinke catalogue),,period coordinate in the dated Xu living-table snapshot,XuLive2025,ZhaoHeinke2022,https://xray-pulsar.github.io/counterparts/,https://doi.org/10.1093/mnras/stac442,Xu living Table 2 line 220 (snapshot 2025-12-25),"The soft-band luminosity, or the full-band luminosity where a soft-band value is unavailable, is assigned to uniform surface emission to obtain a conservative temperature ceiling. Polar-cap, shock, or magnetospheric emission may contribute to that luminosity."
105,J1748-2446Q,J17482446Q,rotation-powered MSP,355.618776671,6.62,upper_limit,flux_ceiling,378680.1212753797,,388716.3949773601,27690684.66994772,,27690684.66994772,L_X_fallback=6.000000e+29 erg s^-1 (value),Temperature ceiling derived from a luminosity budget; not a measured temperature interval,0.3--8.0 keV (Zhao--Heinke catalogue),,period coordinate in the dated Xu living-table snapshot,XuLive2025,ZhaoHeinke2022,https://xray-pulsar.github.io/counterparts/,https://doi.org/10.1093/mnras/stac442,Xu living Table 2 line 221 (snapshot 2025-12-25),"The soft-band luminosity, or the full-band luminosity where a soft-band value is unavailable, is assigned to uniform surface emission to obtain a conservative temperature ceiling. Polar-cap, shock, or magnetospheric emission may contribute to that luminosity."
106,J1748-2446V,J17482446V,rotation-powered MSP,482.392667631,6.62,upper_limit,flux_ceiling,561322.3620815927,,581754.6207852849,57609942.25618777,,57609942.25618777,L_X_fallback=2.100000e+31 erg s^-1 (value),Temperature ceiling derived from a luminosity budget; not a measured temperature interval,0.3--8.0 keV (Zhao--Heinke catalogue),,period coordinate in the dated Xu living-table snapshot,XuLive2025,ZhaoHeinke2022,https://xray-pulsar.github.io/counterparts/,https://doi.org/10.1093/mnras/stac442,Xu living Table 2 line 222 (snapshot 2025-12-25),"The soft-band luminosity, or the full-band luminosity where a soft-band value is unavailable, is assigned to uniform surface emission to obtain a conservative temperature ceiling. Polar-cap, shock, or magnetospheric emission may contribute to that luminosity."
107,J1748-2446X,J17482446X,rotation-powered MSP,333.444481494,6.62,upper_limit,flux_ceiling,447380.61276044394,,461012.1078184833,37815707.89373964,,37815707.89373964,L_X_fallback=3.100000e+30 erg s^-1 (value),Temperature ceiling derived from a luminosity budget; not a measured temperature interval,0.3--8.0 keV (Zhao--Heinke catalogue),,period coordinate in the dated Xu living-table snapshot,XuLive2025,ZhaoHeinke2022,https://xray-pulsar.github.io/counterparts/,https://doi.org/10.1093/mnras/stac442,Xu living Table 2 line 223 (snapshot 2025-12-25),"The soft-band luminosity, or the full-band luminosity where a soft-band value is unavailable, is assigned to uniform surface emission to obtain a conservative temperature ceiling. Polar-cap, shock, or magnetospheric emission may contribute to that luminosity."
108,J1748-2446Z,J17482446Z,rotation-powered MSP,406.008932197,6.62,upper_limit,flux_ceiling,488739.4366667555,,504729.1317556434,44573627.29161524,,44573627.29161524,L_X_fallback=6.800000e+30 erg s^-1 (value),Temperature ceiling derived from a luminosity budget; not a measured temperature interval,0.3--8.0 keV (Zhao--Heinke catalogue),,period coordinate in the dated Xu living-table snapshot,XuLive2025,ZhaoHeinke2022,https://xray-pulsar.github.io/counterparts/,https://doi.org/10.1093/mnras/stac442,Xu living Table 2 line 224 (snapshot 2025-12-25),"The soft-band luminosity, or the full-band luminosity where a soft-band value is unavailable, is assigned to uniform surface emission to obtain a conservative temperature ceiling. Polar-cap, shock, or magnetospheric emission may contribute to that luminosity."
109,J1748-2446ad,J17482446AD,rotation-powered MSP,716.332378223,6.62,upper_limit,flux_ceiling,733937.0739165288,,766132.2299713779,94438312.4102761,,94438312.4102761,L_X_fallback=1.390000e+32 erg s^-1 (value),Temperature ceiling derived from a luminosity budget; not a measured temperature interval,0.3--8.0 keV (Zhao--Heinke catalogue),,period coordinate in the dated Xu living-table snapshot,XuLive2025,ZhaoHeinke2022,https://xray-pulsar.github.io/counterparts/,https://doi.org/10.1093/mnras/stac442,Xu living Table 2 line 225 (snapshot 2025-12-25),"The soft-band luminosity, or the full-band luminosity where a soft-band value is unavailable, is assigned to uniform surface emission to obtain a conservative temperature ceiling. Polar-cap, shock, or magnetospheric emission may contribute to that luminosity."
110,J1807-2459A,J18072459A,rotation-powered MSP,326.904217064,2.58,upper_limit,flux_ceiling,510996.2406288928,,528309.1823400346,48412945.62214636,,48412945.62214636,L_X_fallback=9.900000e+30 erg s^-1 (value),Temperature ceiling derived from a luminosity budget; not a measured temperature interval,0.3--8.0 keV (Zhao--Heinke catalogue),,period coordinate in the dated Xu living-table snapshot,XuLive2025,ZhaoHeinke2022,https://xray-pulsar.github.io/counterparts/,https://doi.org/10.1093/mnras/stac442,Xu living Table 2 line 226 (snapshot 2025-12-25),"The soft-band luminosity, or the full-band luminosity where a soft-band value is unavailable, is assigned to uniform surface emission to obtain a conservative temperature ceiling. Polar-cap, shock, or magnetospheric emission may contribute to that luminosity."
111,J1810+1744,J18101744,rotation-powered MSP,602.409638554,2.361,upper_limit,flux_ceiling,649275.5097931897,,666904.0489033684,73774311.34891511,,73774311.34891511,L_SX=6.220000e+30 erg s^-1 (value),Temperature ceiling derived from a luminosity budget; not a measured temperature interval,0.5--2.0 keV (Chandra),,period coordinate in the dated Xu living-table snapshot,XuLive2025,Xu2025,https://xray-pulsar.github.io/counterparts/,https://doi.org/10.3847/1538-4357/adaebc,Xu living Table 2 line 227 (snapshot 2025-12-25),"The soft-band luminosity, or the full-band luminosity where a soft-band value is unavailable, is assigned to uniform surface emission to obtain a conservative temperature ceiling. Polar-cap, shock, or magnetospheric emission may contribute to that luminosity."
112,J1816+4510,J18164510,rotation-powered MSP,313.18509239,4.356,upper_limit,flux_ceiling,629437.682004015,,646081.6829834207,69688238.63430622,,69688238.63430622,L_SX=4.500000e+30 erg s^-1 (value),Temperature ceiling derived from a luminosity budget; not a measured temperature interval,0.5--2.0 keV (Chandra),,period coordinate in the dated Xu living-table snapshot,XuLive2025,Xu2025,https://xray-pulsar.github.io/counterparts/,https://doi.org/10.3847/1538-4357/adaebc,Xu living Table 2 line 228 (snapshot 2025-12-25),"The soft-band luminosity, or the full-band luminosity where a soft-band value is unavailable, is assigned to uniform surface emission to obtain a conservative temperature ceiling. Polar-cap, shock, or magnetospheric emission may contribute to that luminosity."
113,J1824-2452A,J18242452A,rotation-powered MSP,327.439423707,5.37,upper_limit,flux_ceiling,1092906.479045679,,1152383.482542912,195682497.10258368,,195682497.10258368,L_X_fallback=1.380000e+33 erg s^-1 (value),Temperature ceiling derived from a luminosity budget; not a measured temperature interval,0.3--8.0 keV (Zhao--Heinke catalogue),,period coordinate in the dated Xu living-table snapshot,XuLive2025,ZhaoHeinke2022,https://xray-pulsar.github.io/counterparts/,https://doi.org/10.1093/mnras/stac442,Xu living Table 2 line 229 (snapshot 2025-12-25),"The soft-band luminosity, or the full-band luminosity where a soft-band value is unavailable, is assigned to uniform surface emission to obtain a conservative temperature ceiling. Polar-cap, shock, or magnetospheric emission may contribute to that luminosity."
114,J1824-2452C,J18242452C,rotation-powered MSP,240.442414042,5.37,upper_limit,flux_ceiling,426943.9741525126,,439462.0231191976,34659080.11032306,,34659080.11032306,L_X_fallback=2.000000e+30 erg s^-1 (value),Temperature ceiling derived from a luminosity budget; not a measured temperature interval,0.3--8.0 keV (Zhao--Heinke catalogue),,period coordinate in the dated Xu living-table snapshot,XuLive2025,ZhaoHeinke2022,https://xray-pulsar.github.io/counterparts/,https://doi.org/10.1093/mnras/stac442,Xu living Table 2 line 230 (snapshot 2025-12-25),"The soft-band luminosity, or the full-band luminosity where a soft-band value is unavailable, is assigned to uniform surface emission to obtain a conservative temperature ceiling. Polar-cap, shock, or magnetospheric emission may contribute to that luminosity."
115,J1824-2452E,J18242452E,rotation-powered MSP,184.501845018,5.37,upper_limit,flux_ceiling,433275.38644075394,,446134.5668563468,35624020.713653676,,35624020.713653676,L_X_fallback=2.300000e+30 erg s^-1 (value),Temperature ceiling derived from a luminosity budget; not a measured temperature interval,0.3--8.0 keV (Zhao--Heinke catalogue),,period coordinate in the dated Xu living-table snapshot,XuLive2025,ZhaoHeinke2022,https://xray-pulsar.github.io/counterparts/,https://doi.org/10.1093/mnras/stac442,Xu living Table 2 line 231 (snapshot 2025-12-25),"The soft-band luminosity, or the full-band luminosity where a soft-band value is unavailable, is assigned to uniform surface emission to obtain a conservative temperature ceiling. Polar-cap, shock, or magnetospheric emission may contribute to that luminosity."
116,J1824-2452F,J18242452F,rotation-powered MSP,407.996736026,5.37,upper_limit,flux_ceiling,411522.64587990986,,423224.67233183695,32357875.413809624,,32357875.413809624,L_X_fallback=1.400000e+30 erg s^-1 (value),Temperature ceiling derived from a luminosity budget; not a measured temperature interval,0.3--8.0 keV (Zhao--Heinke catalogue),,period coordinate in the dated Xu living-table snapshot,XuLive2025,ZhaoHeinke2022,https://xray-pulsar.github.io/counterparts/,https://doi.org/10.1093/mnras/stac442,Xu living Table 2 line 232 (snapshot 2025-12-25),"The soft-band luminosity, or the full-band luminosity where a soft-band value is unavailable, is assigned to uniform surface emission to obtain a conservative temperature ceiling. Polar-cap, shock, or magnetospheric emission may contribute to that luminosity."
117,J1824-2452H,J18242452H,rotation-powered MSP,216.029379996,5.37,upper_limit,flux_ceiling,547949.1155548394,,567536.2075928411,55096696.24710887,,55096696.24710887,L_X_fallback=1.740000e+31 erg s^-1 (value),Temperature ceiling derived from a luminosity budget; not a measured temperature interval,0.3--8.0 keV (Zhao--Heinke catalogue),,period coordinate in the dated Xu living-table snapshot,XuLive2025,ZhaoHeinke2022,https://xray-pulsar.github.io/counterparts/,https://doi.org/10.1093/mnras/stac442,Xu living Table 2 line 233 (snapshot 2025-12-25),"The soft-band luminosity, or the full-band luminosity where a soft-band value is unavailable, is assigned to uniform surface emission to obtain a conservative temperature ceiling. Polar-cap, shock, or magnetospheric emission may contribute to that luminosity."
118,J1824-2452J,J18242452J,rotation-powered MSP,247.586036148,5.37,upper_limit,flux_ceiling,414426.0571283481,,426280.0961802422,32785803.251234382,,32785803.251234382,L_X_fallback=1.500000e+30 erg s^-1 (value),Temperature ceiling derived from a luminosity budget; not a measured temperature interval,0.3--8.0 keV (Zhao--Heinke catalogue),,period coordinate in the dated Xu living-table snapshot,XuLive2025,ZhaoHeinke2022,https://xray-pulsar.github.io/counterparts/,https://doi.org/10.1093/mnras/stac442,Xu living Table 2 line 235 (snapshot 2025-12-25),"The soft-band luminosity, or the full-band luminosity where a soft-band value is unavailable, is assigned to uniform surface emission to obtain a conservative temperature ceiling. Polar-cap, shock, or magnetospheric emission may contribute to that luminosity."
119,J1824-2452K,J18242452K,rotation-powered MSP,224.164985429,5.37,upper_limit,flux_ceiling,483527.52117176447,,499212.6862508698,43694933.67245519,,43694933.67245519,L_X_fallback=6.200000e+30 erg s^-1 (value),Temperature ceiling derived from a luminosity budget; not a measured temperature interval,0.3--8.0 keV (Zhao--Heinke catalogue),,period coordinate in the dated Xu living-table snapshot,XuLive2025,ZhaoHeinke2022,https://xray-pulsar.github.io/counterparts/,https://doi.org/10.1093/mnras/stac442,Xu living Table 2 line 236 (snapshot 2025-12-25),"The soft-band luminosity, or the full-band luminosity where a soft-band value is unavailable, is assigned to uniform surface emission to obtain a conservative temperature ceiling. Polar-cap, shock, or magnetospheric emission may contribute to that luminosity."
120,J1836-2354A,J18362354A,rotation-powered MSP,298.151460942,3.3,upper_limit,flux_ceiling,445790.8807895762,,459334.4469051055,37565811.58893688,,37565811.58893688,L_X_fallback=3.000000e+30 erg s^-1 (value),Temperature ceiling derived from a luminosity budget; not a measured temperature interval,0.3--8.0 keV (Zhao--Heinke catalogue),,period coordinate in the dated Xu living-table snapshot,XuLive2025,ZhaoHeinke2022,https://xray-pulsar.github.io/counterparts/,https://doi.org/10.1093/mnras/stac442,Xu living Table 2 line 237 (snapshot 2025-12-25),"The soft-band luminosity, or the full-band luminosity where a soft-band value is unavailable, is assigned to uniform surface emission to obtain a conservative temperature ceiling. Polar-cap, shock, or magnetospheric emission may contribute to that luminosity."
121,J1902-5105,J19025105,rotation-powered MSP,574.052812859,1.645,upper_limit,flux_ceiling,459451.4621414417,,473757.1577504701,39737130.62571723,,39737130.62571723,L_SX=3.950000e+30 erg s^-1 (value),Temperature ceiling derived from a luminosity budget; not a measured temperature interval,0.3--2.0 keV (XMM--Newton),,period coordinate in the dated Xu living-table snapshot,XuLive2025,Xu2025,https://xray-pulsar.github.io/counterparts/,https://doi.org/10.3847/1538-4357/adaebc,Xu living Table 2 line 239 (snapshot 2025-12-25),"The soft-band luminosity, or the full-band luminosity where a soft-band value is unavailable, is assigned to uniform surface emission to obtain a conservative temperature ceiling. Polar-cap, shock, or magnetospheric emission may contribute to that luminosity."
122,J1909-3744,J19093744,rotation-powered MSP,339.328130302,1.14,upper_limit,flux_ceiling,423958.6638104733,,436317.1117090752,34208160.32857798,,34208160.32857798,L_SX=1.870000e+30 erg s^-1 (value),Temperature ceiling derived from a luminosity budget; not a measured temperature interval,0.3--2.0 keV (XMM--Newton),,period coordinate in the dated Xu living-table snapshot,XuLive2025,Xu2025,https://xray-pulsar.github.io/counterparts/,https://doi.org/10.3847/1538-4357/adaebc,Xu living Table 2 line 240 (snapshot 2025-12-25),"The soft-band luminosity, or the full-band luminosity where a soft-band value is unavailable, is assigned to uniform surface emission to obtain a conservative temperature ceiling. Polar-cap, shock, or magnetospheric emission may contribute to that luminosity."
123,J1910-5959A,J19105959A,rotation-powered MSP,306.184935701,4.12,upper_limit,flux_ceiling,444157.8735844081,,457611.48133846873,37309877.937189065,,37309877.937189065,L_X_fallback=2.900000e+30 erg s^-1 (value),Temperature ceiling derived from a luminosity budget; not a measured temperature interval,0.3--8.0 keV (Zhao--Heinke catalogue),,period coordinate in the dated Xu living-table snapshot,XuLive2025,ZhaoHeinke2022,https://xray-pulsar.github.io/counterparts/,https://doi.org/10.1093/mnras/stac442,Xu living Table 2 line 241 (snapshot 2025-12-25),"The soft-band luminosity, or the full-band luminosity where a soft-band value is unavailable, is assigned to uniform surface emission to obtain a conservative temperature ceiling. Polar-cap, shock, or magnetospheric emission may contribute to that luminosity."
124,J1910-5959C,J19105959C,rotation-powered MSP,189.501610764,4.12,upper_limit,flux_ceiling,448929.60027139104,,462646.95060556225,38059907.23071545,,38059907.23071545,L_X_fallback=3.200000e+30 erg s^-1 (value),Temperature ceiling derived from a luminosity budget; not a measured temperature interval,0.3--8.0 keV (Zhao--Heinke catalogue),,period coordinate in the dated Xu living-table snapshot,XuLive2025,ZhaoHeinke2022,https://xray-pulsar.github.io/counterparts/,https://doi.org/10.1093/mnras/stac442,Xu living Table 2 line 243 (snapshot 2025-12-25),"The soft-band luminosity, or the full-band luminosity where a soft-band value is unavailable, is assigned to uniform surface emission to obtain a conservative temperature ceiling. Polar-cap, shock, or magnetospheric emission may contribute to that luminosity."
125,J1910-5959D,J19105959D,rotation-powered MSP,110.68068622,4.12,upper_limit,flux_ceiling,457483.9099440809,,471678.8430192596,39421075.94202056,,39421075.94202056,L_X_fallback=3.800000e+30 erg s^-1 (value),Temperature ceiling derived from a luminosity budget; not a measured temperature interval,0.3--8.0 keV (Zhao--Heinke catalogue),,period coordinate in the dated Xu living-table snapshot,XuLive2025,ZhaoHeinke2022,https://xray-pulsar.github.io/counterparts/,https://doi.org/10.1093/mnras/stac442,Xu living Table 2 line 244 (snapshot 2025-12-25),"The soft-band luminosity, or the full-band luminosity where a soft-band value is unavailable, is assigned to uniform surface emission to obtain a conservative temperature ceiling. Polar-cap, shock, or magnetospheric emission may contribute to that luminosity."
126,J1910-5959F,J19105959F,rotation-powered MSP,117.855038303,4.12,upper_limit,flux_ceiling,460093.95170126646,,474435.90296774975,39840597.23881611,,39840597.23881611,L_X_fallback=4.000000e+30 erg s^-1 (value),Temperature ceiling derived from a luminosity budget; not a measured temperature interval,0.3--8.0 keV (Zhao--Heinke catalogue),,period coordinate in the dated Xu living-table snapshot,XuLive2025,ZhaoHeinke2022,https://xray-pulsar.github.io/counterparts/,https://doi.org/10.1093/mnras/stac442,Xu living Table 2 line 246 (snapshot 2025-12-25),"The soft-band luminosity, or the full-band luminosity where a soft-band value is unavailable, is assigned to uniform surface emission to obtain a conservative temperature ceiling. Polar-cap, shock, or magnetospheric emission may contribute to that luminosity."
127,J1939+2134,J19392134,rotation-powered MSP,641.848523748,3.5,upper_limit,flux_ceiling,567024.666405134,,587820.7445632037,58696712.69516566,,58696712.69516566,L_SX=2.270000e+31 erg s^-1 (value),Temperature ceiling derived from a luminosity budget; not a measured temperature interval,0.3--2.0 keV (XMM--Newton),,period coordinate in the dated Xu living-table snapshot,XuLive2025,Xu2025,https://xray-pulsar.github.io/counterparts/,https://doi.org/10.3847/1538-4357/adaebc,Xu living Table 2 line 247 (snapshot 2025-12-25),"The soft-band luminosity, or the full-band luminosity where a soft-band value is unavailable, is assigned to uniform surface emission to obtain a conservative temperature ceiling. Polar-cap, shock, or magnetospheric emission may contribute to that luminosity."
128,J1946-5403,J19465403,rotation-powered MSP,369.003690037,1.15,upper_limit,flux_ceiling,394201.37135802413,,405012.29170539416,29856567.215894256,,29856567.215894256,L_SX=9.100000e+29 erg s^-1 (value),Temperature ceiling derived from a luminosity budget; not a measured temperature interval,0.3--2.0 keV (XMM--Newton),,period coordinate in the dated Xu living-table snapshot,XuLive2025,Xu2025,https://xray-pulsar.github.io/counterparts/,https://doi.org/10.3847/1538-4357/adaebc,Xu living Table 2 line 248 (snapshot 2025-12-25),"The soft-band luminosity, or the full-band luminosity where a soft-band value is unavailable, is assigned to uniform surface emission to obtain a conservative temperature ceiling. Polar-cap, shock, or magnetospheric emission may contribute to that luminosity."
129,J1953+1846A,J19531846A,rotation-powered MSP,204.582651391,4.0,upper_limit,flux_ceiling,523098.5869692334,,541146.1784453024,50559583.513118885,,50559583.513118885,L_X_fallback=1.200000e+31 erg s^-1 (value),Temperature ceiling derived from a luminosity budget; not a measured temperature interval,0.3--8.0 keV (Zhao--Heinke catalogue),,period coordinate in the dated Xu living-table snapshot,XuLive2025,ZhaoHeinke2022,https://xray-pulsar.github.io/counterparts/,https://doi.org/10.1093/mnras/stac442,Xu living Table 2 line 249 (snapshot 2025-12-25),"The soft-band luminosity, or the full-band luminosity where a soft-band value is unavailable, is assigned to uniform surface emission to obtain a conservative temperature ceiling. Polar-cap, shock, or magnetospheric emission may contribute to that luminosity."
130,J2017+0603,J20170603,rotation-powered MSP,345.303867403,1.399,upper_limit,flux_ceiling,588352.8351055831,,603031.0258041356,61558855.85681563,,61558855.85681563,L_SX=2.160000e+30 erg s^-1 (value),Temperature ceiling derived from a luminosity budget; not a measured temperature interval,0.5--2.0 keV (Chandra),,period coordinate in the dated Xu living-table snapshot,XuLive2025,Xu2025,https://xray-pulsar.github.io/counterparts/,https://doi.org/10.3847/1538-4357/adaebc,Xu living Table 2 line 250 (snapshot 2025-12-25),"The soft-band luminosity, or the full-band luminosity where a soft-band value is unavailable, is assigned to uniform surface emission to obtain a conservative temperature ceiling. Polar-cap, shock, or magnetospheric emission may contribute to that luminosity."
131,J2017-1614,J20171614,rotation-powered MSP,432.152117545,1.444,upper_limit,flux_ceiling,440575.3499460152,,453832.0898518393,36751082.64519504,,36751082.64519504,L_SX=2.690000e+30 erg s^-1 (value),Temperature ceiling derived from a luminosity budget; not a measured temperature interval,0.3--2.0 keV (XMM--Newton),,period coordinate in the dated Xu living-table snapshot,XuLive2025,Xu2025,https://xray-pulsar.github.io/counterparts/,https://doi.org/10.3847/1538-4357/adaebc,Xu living Table 2 line 251 (snapshot 2025-12-25),"The soft-band luminosity, or the full-band luminosity where a soft-band value is unavailable, is assigned to uniform surface emission to obtain a conservative temperature ceiling. Polar-cap, shock, or magnetospheric emission may contribute to that luminosity."
132,J2043+1711,J20431711,rotation-powered MSP,420.168067227,1.389,upper_limit,flux_ceiling,580860.2843088506,,595190.9176046555,60125026.00019642,,60125026.00019642,L_SX=1.870000e+30 erg s^-1 (value),Temperature ceiling derived from a luminosity budget; not a measured temperature interval,0.5--2.0 keV (Chandra),,period coordinate in the dated Xu living-table snapshot,XuLive2025,Xu2025,https://xray-pulsar.github.io/counterparts/,https://doi.org/10.3847/1538-4357/adaebc,Xu living Table 2 line 252 (snapshot 2025-12-25),"The soft-band luminosity, or the full-band luminosity where a soft-band value is unavailable, is assigned to uniform surface emission to obtain a conservative temperature ceiling. Polar-cap, shock, or magnetospheric emission may contribute to that luminosity."
133,J2047+1053,J20471053,rotation-powered MSP,233.317778815,2.794,upper_limit,flux_ceiling,590506.8759957954,,605285.7072582868,61973880.6345846,,61973880.6345846,L_SX=2.250000e+30 erg s^-1 (value),Temperature ceiling derived from a luminosity budget; not a measured temperature interval,0.5--2.0 keV (Chandra),,period coordinate in the dated Xu living-table snapshot,XuLive2025,Xu2025,https://xray-pulsar.github.io/counterparts/,https://doi.org/10.3847/1538-4357/adaebc,Xu living Table 2 line 253 (snapshot 2025-12-25),"The soft-band luminosity, or the full-band luminosity where a soft-band value is unavailable, is assigned to uniform surface emission to obtain a conservative temperature ceiling. Polar-cap, shock, or magnetospheric emission may contribute to that luminosity."
134,J2051-0827,J20510827,rotation-powered MSP,221.778664892,1.469,upper_limit,flux_ceiling,538968.2141369578,,551420.2057892511,52387318.687943794,,52387318.687943794,L_SX=7.800000e+29 erg s^-1 (value),Temperature ceiling derived from a luminosity budget; not a measured temperature interval,0.5--2.0 keV (Chandra),,period coordinate in the dated Xu living-table snapshot,XuLive2025,Xu2025,https://xray-pulsar.github.io/counterparts/,https://doi.org/10.3847/1538-4357/adaebc,Xu living Table 2 line 254 (snapshot 2025-12-25),"The soft-band luminosity, or the full-band luminosity where a soft-band value is unavailable, is assigned to uniform surface emission to obtain a conservative temperature ceiling. Polar-cap, shock, or magnetospheric emission may contribute to that luminosity."
135,J2115+5448,J21155448,rotation-powered MSP,384.172109105,3.106,upper_limit,flux_ceiling,454761.1604995855,,468803.4681103075,38985541.36351016,,38985541.36351016,L_SX=3.600000e+30 erg s^-1 (value),Temperature ceiling derived from a luminosity budget; not a measured temperature interval,0.3--2.0 keV (XMM--Newton),,period coordinate in the dated Xu living-table snapshot,XuLive2025,Xu2025,https://xray-pulsar.github.io/counterparts/,https://doi.org/10.3847/1538-4357/adaebc,Xu living Table 2 line 255 (snapshot 2025-12-25),"The soft-band luminosity, or the full-band luminosity where a soft-band value is unavailable, is assigned to uniform surface emission to obtain a conservative temperature ceiling. Polar-cap, shock, or magnetospheric emission may contribute to that luminosity."
136,J2124-3358,J21243358,rotation-powered MSP,202.798620969,0.41,two_sided_estimate,conditional,176472.4391278481,136986.12712736634,202617.41716675545,2811932.3928169706,1093762.549500796,10156519.438638875,Redshifted effective temperature of the whole surface,Helium ST-U+EL posterior median and 68% credible interval,bolometric atmosphere result,,period coordinate in the dated Xu living-table snapshot,XuLive2025,GC2026_J2124,https://xray-pulsar.github.io/counterparts/,https://arxiv.org/abs/2607.03721,Xu living Table 2 line 256 (snapshot 2025-12-25),"The adopted estimate is from the ST-U+EL helium-atmosphere branch for the remainder of the surface. This is not the preferred surface pattern, and the preprint finds that the additional component is unnecessary or weak. The hydrogen-atmosphere alternative gives log10(T_else/K) = 5.41 ± 0.04."
137,J2129-0429,J21290429,rotation-powered MSP,131.233595801,1.83,upper_limit,flux_ceiling,557077.663352288,,577240.424386953,56806800.36048259,,56806800.36048259,L_SX=1.980000e+31 erg s^-1 (value),Temperature ceiling derived from a luminosity budget; not a measured temperature interval,0.3--2.0 keV (XMM--Newton),,period coordinate in the dated Xu living-table snapshot,XuLive2025,Xu2025,https://xray-pulsar.github.io/counterparts/,https://doi.org/10.3847/1538-4357/adaebc,Xu living Table 2 line 257 (snapshot 2025-12-25),"The soft-band luminosity, or the full-band luminosity where a soft-band value is unavailable, is assigned to uniform surface emission to obtain a conservative temperature ceiling. Polar-cap, shock, or magnetospheric emission may contribute to that luminosity."
138,J2214+3000,J22143000,rotation-powered MSP,320.615581917,0.6,upper_limit,flux_ceiling,416366.04102931253,,428322.0822069932,33073104.155359805,,33073104.155359805,L_SX=1.570000e+30 erg s^-1 (value),Temperature ceiling derived from a luminosity budget; not a measured temperature interval,0.3--2.0 keV (XMM--Newton),,period coordinate in the dated Xu living-table snapshot,XuLive2025,Xu2025,https://xray-pulsar.github.io/counterparts/,https://doi.org/10.3847/1538-4357/adaebc,Xu living Table 2 line 259 (snapshot 2025-12-25),"The soft-band luminosity, or the full-band luminosity where a soft-band value is unavailable, is assigned to uniform surface emission to obtain a conservative temperature ceiling. Polar-cap, shock, or magnetospheric emission may contribute to that luminosity."
139,J2215+5135,J22155135,rotation-powered MSP,383.141762452,2.773,upper_limit,flux_ceiling,562354.0063194401,,582852.0084304468,57805891.85950962,,57805891.85950962,L_SX=2.130000e+31 erg s^-1 (value),Temperature ceiling derived from a luminosity budget; not a measured temperature interval,0.3--2.0 keV (XMM--Newton),,period coordinate in the dated Xu living-table snapshot,XuLive2025,Xu2025,https://xray-pulsar.github.io/counterparts/,https://doi.org/10.3847/1538-4357/adaebc,Xu living Table 2 line 260 (snapshot 2025-12-25),"The soft-band luminosity, or the full-band luminosity where a soft-band value is unavailable, is assigned to uniform surface emission to obtain a conservative temperature ceiling. Polar-cap, shock, or magnetospheric emission may contribute to that luminosity."
140,J2241-5236,J22415236,rotation-powered MSP,457.247370828,1.042,upper_limit,flux_ceiling,471765.79286372935,,486771.41795992065,41740655.68712432,,41740655.68712432,L_SX=5.000000e+30 erg s^-1 (value),Temperature ceiling derived from a luminosity budget; not a measured temperature interval,0.3--2.0 keV (XMM--Newton),,period coordinate in the dated Xu living-table snapshot,XuLive2025,Xu2025,https://xray-pulsar.github.io/counterparts/,https://doi.org/10.3847/1538-4357/adaebc,Xu living Table 2 line 261 (snapshot 2025-12-25),"The soft-band luminosity, or the full-band luminosity where a soft-band value is unavailable, is assigned to uniform surface emission to obtain a conservative temperature ceiling. Polar-cap, shock, or magnetospheric emission may contribute to that luminosity."
141,J2256-1024,J22561024,rotation-powered MSP,435.729847495,2.083,upper_limit,flux_ceiling,704383.7083033654,,724863.1513111066,85669565.35936895,,85669565.35936895,L_SX=1.400000e+31 erg s^-1 (value),Temperature ceiling derived from a luminosity budget; not a measured temperature interval,0.5--2.0 keV (Chandra),,period coordinate in the dated Xu living-table snapshot,XuLive2025,Xu2025,https://xray-pulsar.github.io/counterparts/,https://doi.org/10.3847/1538-4357/adaebc,Xu living Table 2 line 262 (snapshot 2025-12-25),"The soft-band luminosity, or the full-band luminosity where a soft-band value is unavailable, is assigned to uniform surface emission to obtain a conservative temperature ceiling. Polar-cap, shock, or magnetospheric emission may contribute to that luminosity."
142,J2302+4442,J23024442,rotation-powered MSP,192.604006163,0.863,upper_limit,flux_ceiling,429135.10636984545,,441770.7840035299,34991695.99088796,,34991695.99088796,L_SX=2.100000e+30 erg s^-1 (value),Temperature ceiling derived from a luminosity budget; not a measured temperature interval,0.3--2.0 keV (XMM--Newton),,period coordinate in the dated Xu living-table snapshot,XuLive2025,Xu2025,https://xray-pulsar.github.io/counterparts/,https://doi.org/10.3847/1538-4357/adaebc,Xu living Table 2 line 263 (snapshot 2025-12-25),"The soft-band luminosity, or the full-band luminosity where a soft-band value is unavailable, is assigned to uniform surface emission to obtain a conservative temperature ceiling. Polar-cap, shock, or magnetospheric emission may contribute to that luminosity."
143,J2322-2650,J23222650,rotation-powered MSP,288.766965059,2.0,upper_limit,flux_ceiling,503003.0079314586,,519836.7133796289,47017885.99727075,,47017885.99727075,L_X_fallback=8.680000e+30 erg s^-1 (value),Temperature ceiling derived from a luminosity budget; not a measured temperature interval,0.3--2.3 keV (SRG/eROSITA),,period coordinate in the dated Xu living-table snapshot,XuLive2025,Shibanov2025,https://xray-pulsar.github.io/counterparts/,https://doi.org/10.1134/S1063773725700288,Xu living Table 2 line 264 (snapshot 2025-12-25),"The SRG/eROSITA association is a counterpart candidate at approximately 3 sigma or greater. Its assigned luminosity is used as a conservative budget for uniform surface emission; polar-cap, shock, or magnetospheric emission may contribute."
144,J2339-0533,J23390533,rotation-powered MSP,346.740638003,1.1,upper_limit,flux_ceiling,511616.214193658,,528966.7233207802,48521914.84783197,,48521914.84783197,L_SX=1.000000e+31 erg s^-1 (value),Temperature ceiling derived from a luminosity budget; not a measured temperature interval,0.3--2.0 keV (XMM--Newton),,period coordinate in the dated Xu living-table snapshot,XuLive2025,Xu2025,https://xray-pulsar.github.io/counterparts/,https://doi.org/10.3847/1538-4357/adaebc,Xu living Table 2 line 265 (snapshot 2025-12-25),"The soft-band luminosity, or the full-band luminosity where a soft-band value is unavailable, is assigned to uniform surface emission to obtain a conservative temperature ceiling. Polar-cap, shock, or magnetospheric emission may contribute to that luminosity."
